name,address,neighborhood,lat,lon,clover_url,category,google_rating,review_count,sources,verified,notes
16th Street Diner,"3147 16th Street,, San Francisco, CA",Mission Dolores,37.764731,-122.423109,https://16th-street-diner-san-francisco.cloveronline.com,restaurants,,,awardhelper+nextcard,,paze-on-storefront=yes
5 Star Food & Liquor Inc,"812 Linden Ave, So San Francisco, CA",South San Francisco,37.660534,-122.408035,https://5-star-food-liquor-inc-so-san-francisco.cloveronline.com,Retail & Services,,,awardhelper+nextcard,,paze-on-storefront=yes
5th Avenue Deli Market,"4 Embarcadero Sl7, San Francisco, CA",Financial District,37.79512,-122.396149,https://5th-avenue-deli-market-san-francisco.cloveronline.com,restaurants,,,awardhelper+nextcard,,paze-on-storefront=yes
A G I,"4945 Junipero Serra Blvd, Colma, CA",Colma,37.673953,-122.465138,https://house-of-bagels-colma.cloveronline.com,restaurants,,,awardhelper+nextcard,,paze-on-storefront=yes; nextcard:ordering-disabled
Alborz,"1245 Van Ness Ave, San Francisco, CA",Cathedral Hill,37.787391,-122.421977,https://alborz-san-francisco.cloveronline.com,restaurants,,,awardhelper+nextcard,,paze-on-storefront=yes
Amour Amour Cafe,"305 East 4th Avenue, San Mateo, CA",San Mateo,37.565074,-122.321403,https://amour-amour-cafe-san-mateo.cloveronline.com,restaurants,,,awardhelper+nextcard,,paze-on-storefront=yes
Angel Cafe & Deli,700 Geary St,Lower Nob Hill,37.786609,-122.414982,https://angel-cafe-deli-san-francisco8.cloveronline.com,restaurants,,,awardhelper+nextcard,,paze-on-storefront=yes
AragonHSAthleticBoosters,"900 Alameda De Las Pulga, San Mateo, CA",San Mateo,37.524597,-122.339094,https://aragon-hs-athletic-boste-san-mateo.cloveronline.com,restaurants,,,awardhelper+nextcard,,paze-on-storefront=yes; awardhelper:possible-inactive; nextcard:ordering-disabled
Atlas Pizza Parlor,"637 San Mateo Avenue, San Bruno, CA",San Bruno,37.627112,-122.411641,https://atlas-pizza-parlor-inc-san-bruno.cloveronline.com,restaurants,,,awardhelper+nextcard,,paze-on-storefront=yes; awardhelper:possible-inactive; nextcard:ordering-disabled
Autumns Cafe & Catering,"2071 3rd Street, San Francisco, CA",Dogpatch,37.763509,-122.388584,https://autumns-cafe-catering-san-francisco.cloveronline.com,restaurants,,,awardhelper+nextcard,,paze-on-storefront=yes
Aydea,"799 Bryant Street, San Francisco, CA",South of Market,37.776119,-122.402156,https://aydea-san-francisco.cloveronline.com,restaurants,,,awardhelper+nextcard,,paze-on-storefront=yes
Baba`S Chicken,"3605 Market Street, Riverside, CA",Eureka Valley,37.756078,-122.440782,https://babas-hot-chicken-riverside.cloveronline.com,restaurants,,,nextcard,,paze-on-storefront=yes; single-source(nextcard); coords-in-sf-but-address-says(Riverside); nextcard:ordering-disabled; slug-city-mismatch(riverside); storefront-city(RIVERSIDE)
Bac Lieu Restaurant,"3216 Mission St, San Francisco, CA",Bernal Heights,37.745258,-122.420413,https://bac-lieu-restaurant-san-francisco.cloveronline.com,restaurants,,,awardhelper+nextcard,,paze-on-storefront=yes; awardhelper:possible-inactive; nextcard:ordering-disabled
Bandb Cafe,"1634 Irving Street, San Francisco, CA",Inner Sunset,37.763816,-122.475698,https://b-b-cafe-san-francisco.cloveronline.com,restaurants,,,awardhelper+nextcard,,paze-on-storefront=yes; nextcard:ordering-disabled
Barista Coffee & Brunch,"3313 Sacramento Street, San Francisco, CALIFORNIA",Presidio Heights,37.787995,-122.447276,https://barista-cafe-san-francisco.cloveronline.com,restaurants,,,awardhelper+nextcard,,paze-on-storefront=yes
Bayside Cafe,"533 Airport Blvd #127, Burlingame, CA",Burlingame,37.589907,-122.340643,https://bayside-cafe-burlingame.cloveronline.com,restaurants,,,awardhelper+nextcard,,paze-on-storefront=yes; awardhelper:paze-confidence-medium
Beluna Cafe,"1195 Oak Street, San Francisco, CA",Buena Vista,37.772835,-122.438913,https://beluna-cafe-san-francisco.cloveronline.com,restaurants,,,awardhelper+nextcard,,paze-on-storefront=yes; awardhelper:possible-inactive; nextcard:ordering-disabled
Big Apple Pizza N Grill,"127 Eddy Street, San Francisco, CA",Tenderloin,37.784182,-122.409772,https://big-apple-pizza-n-grill-san-francisco.cloveronline.com,restaurants,,,awardhelper+nextcard,,paze-on-storefront=yes; nextcard:ordering-disabled
Bill's Place,2315 Clement St,Outer Richmond,37.781946,-122.484172,https://bills-place-san-francisco-2.cloveronline.com,restaurants,,,awardhelper+nextcard,,paze-on-storefront=yes
BIMI POKE @Metreon,"135 4th Street, San Francisco, CA",South of Market,37.784332,-122.403366,https://bimi-poke-san-francisco.cloveronline.com,restaurants,,,awardhelper+nextcard,,paze-on-storefront=yes
Black Point Coffee,"Sfo Intl Airport, Term A, San Francisco, CA",San Francisco,37.622639,-122.395821,https://black-point-coffee-san-francisco.cloveronline.com,restaurants,,,awardhelper+nextcard,,paze-on-storefront=yes
Blowology Dry Bar,"166 Geary St #1000, San Francisco, CA",Downtown / Union Square,37.787835,-122.406177,https://blowology-dry-bar-llc-san-francisco.cloveronline.com,restaurants,,,awardhelper+nextcard,,paze-on-storefront=yes
Blue Fog Market,"2567 Gough St, San Francisco, CA",Pacific Heights,37.79708,-122.427326,https://blue-fog-market-san-francisco.cloveronline.com,restaurants,,,awardhelper+nextcard,,paze-on-storefront=yes
Blumdmart,"1 Market Street, San Francisco, CA",Financial District,37.794026,-122.394973,https://blumdmart.cloveronline.com,restaurants,,,nextcard,,paze-on-storefront=yes; single-source(nextcard); nextcard:ordering-disabled
Bravo Pizza,"5145 Mission St, San Francisco, CA",Excelsior,37.716521,-122.440784,https://bravo-pizza-san-francisco-2.cloveronline.com,restaurants,,,nextcard,,paze-on-storefront=yes; single-source(nextcard)
Breakers,"145 Rockaway Beach Ave, Pacifica, CA",Pacifica,37.609728,-122.496484,https://breakers-pacifica.cloveronline.com,restaurants,,,awardhelper+nextcard,,paze-on-storefront=yes; awardhelper:paze-confidence-medium; nextcard:ordering-disabled
Broadway Grill,1400 Broadway,Burlingame,37.584778,-122.365839,https://broadway-grill-llc-burlingame.cloveronline.com,restaurants,5,,awardhelper+nextcard,,paze-on-storefront=yes; awardhelper:possible-inactive; nextcard:ordering-disabled
Caffe Stellato,"1112 Burlingame Ave, Burlingame, CA",Burlingame,37.579556,-122.345906,https://caffe-stellato-burlingame.cloveronline.com,restaurants,,,awardhelper+nextcard,,paze-on-storefront=yes
Cajun Bowl,"1230 El Camino Real, San Bruno, CA",San Bruno,37.639401,-122.420933,https://cajun-bowl-san-bruno-2.cloveronline.com,restaurants,,,awardhelper+nextcard,,paze-on-storefront=yes
Cajun Bowl San Mateo,"168 East 4th Avenue, San Mateo, CA",San Mateo,37.563767,-122.322377,https://cajun-bowl-sm-san-mateo.cloveronline.com,restaurants,,,awardhelper+nextcard,,paze-on-storefront=yes
Catch Seafood,"2362 Market St, San Francisco, CA",Duboce Triangle,37.763429,-122.434641,https://catch-french-bistro-san-francisco.cloveronline.com,restaurants,,,awardhelper+nextcard,,paze-on-storefront=yes
Chibog,"2055 Gellert Boulevard, Daly City, CALIFORNIA",Daly City,37.650279,-122.453901,https://chibogrestaurant.cloveronline.com,restaurants,,,nextcard,,paze-on-storefront=yes; single-source(nextcard)
Clancey's Market and Deli,3960 Irving St,Outer Sunset,37.76268,-122.50042,https://clanceys-market-deli-san-francisco.cloveronline.com,restaurants,,,awardhelper+nextcard,,paze-on-storefront=yes
Cobani Gyro & Kebab,8 W 25th Ave,San Mateo,37.54447,-122.30613,https://cobani-gyro-kebab-san-mateo.cloveronline.com,restaurants,,,awardhelper+nextcard,,paze-on-storefront=yes
Coco’s Sushi,3319 Mission St,Bernal Heights,37.743782,-122.420868,https://cocos-sushi-san-francisco.cloveronline.com,restaurants,,,awardhelper+nextcard,,paze-on-storefront=yes
Copper Chimney,"489 3rd Street, San Francisco, CA",South of Market,37.781691,-122.39591,https://curry-kabab-san-francisco.cloveronline.com,restaurants,,,awardhelper+nextcard,,paze-on-storefront=yes
Corona Heights Market,"4400 17th St, San Francisco, CA",Buena Vista,37.762143,-122.443458,https://corona-heights-market-san-francisco.cloveronline.com,restaurants,,,awardhelper+nextcard,,paze-on-storefront=yes
Creightons Fine Pastries LLC,"673 Portola Dr, San Francisco, CA",Miraloma Park,37.744684,-122.452627,https://creightons-fine-pastries-llc-san-francisco-2.cloveronline.com,restaurants,,,awardhelper+nextcard,,paze-on-storefront=yes; awardhelper:possible-inactive; nextcard:ordering-disabled
Crostini And Java,899 Hyde St (Bush and Hyde),Lower Nob Hill,37.789111,-122.417099,https://crostiniandjavasf.cloveronline.com,restaurants,4.75,,awardhelper+nextcard,,paze-on-storefront=yes
Cumaica Coffee,"1398 Mission Street, San Francisco, CA",South of Market,37.775538,-122.415912,https://cumaicacoffee.cloveronline.com,restaurants,,,awardhelper+nextcard,,paze-on-storefront=yes; awardhelper:possible-inactive; nextcard:ordering-disabled
CURRY HYUGA - Burlingame,"1204 Broadway, Burlingame, CA",Burlingame,37.586192,-122.36484,https://curry-hyuga-retail-burlingame.cloveronline.com,Retail & Services,,,awardhelper+nextcard,,paze-on-storefront=yes; awardhelper:paze-confidence-medium; awardhelper:possible-inactive; nextcard:ordering-disabled
DANCING YAK,280 Valencia Street,Mission Dolores,37.768358,-122.422396,https://dancing-yak-san-francisco.cloveronline.com,restaurants,,,inferred,,paze-on-storefront=yes; single-source(inferred); address-from-osm-name-match; inferred-not-in-any-map
De Afghanan Kabob House,"321 Kearny Street, San Francisco, CA",Chinatown,37.791079,-122.404362,https://de-afghanan-kabob-house-san-francisco.cloveronline.com,restaurants,,,awardhelper+nextcard,,paze-on-storefront=yes
Dhgs,"260 El Camino Real, San Bruno, CA",San Bruno,37.618951,-122.409362,https://diamondheadgeneralstore.cloveronline.com,restaurants,,,awardhelper+nextcard,,paze-on-storefront=yes; awardhelper:possible-inactive; nextcard:ordering-disabled
District Tea,"2154 Mission Street, San Francisco, CALIFORNIA",Mission,37.76252,-122.419701,https://district-tea-san-francisco.cloveronline.com,restaurants,,,nextcard,,paze-on-storefront=yes; single-source(nextcard)
Do-Re-Mi,"3491 19th Street, San Francisco, CALIFORNIA",Mission,37.759876,-122.421158,https://doremi-san-francisco.cloveronline.com,restaurants,,,nextcard,,paze-on-storefront=yes; single-source(nextcard)
Do-Re-Mi (Chinatown),"956 Grant Ave, San Francisco, CA",Chinatown,37.795813,-122.406487,https://doremi-chinatown-san-francisco.cloveronline.com,restaurants,,,awardhelper+nextcard,,paze-on-storefront=yes
Doppio Coffee & Brunch,"1551 Mission Street, San Francisco, CALIFORNIA",South of Market,37.773315,-122.418013,https://doppio-cafe-san-francisco.cloveronline.com,restaurants,,,awardhelper+nextcard,,paze-on-storefront=yes
DragonEats,520 Gough St,Civic Center,37.778371,-122.42314,https://dragoneats-gough-san-francisco.cloveronline.com,restaurants,,,awardhelper+nextcard,,paze-on-storefront=yes
DRAGONEATS Folsom,"555 Folsom St, San Francisco, CA",Rincon Hill,37.786381,-122.395368,https://dragoneats-folsom-san-francisco.cloveronline.com,restaurants,,,awardhelper+nextcard,,paze-on-storefront=yes; awardhelper:possible-inactive; nextcard:ordering-disabled
Dumpling Dough,"1195 Laurel St, San Carlos, CA",San Carlos,37.499049,-122.251984,https://dumpling-dough-san-carlos.cloveronline.com,restaurants,,,awardhelper+nextcard,,paze-on-storefront=yes; coords-outside-area(recovered-by-city+slug)
Easy Money,"2312 Irving Street, San Francisco, CA",Outer Sunset,37.763503,-122.482884,https://easymoney-sanfrancisco.cloveronline.com,restaurants,,,awardhelper+nextcard,,paze-on-storefront=yes
El Gran Amigo 2,"1357 Linda Mar Shopping Center, Pacifica, CALIFORNIA",Pacifica,37.593531,-122.504358,https://el-gran-amigo-2-pacifica.cloveronline.com,restaurants,,,nextcard,,paze-on-storefront=yes; single-source(nextcard)
El Metate Con Sabor A Mexico,"2406 Bryant St, San Francisco, CA",Mission,37.755769,-122.409628,https://el-metate-san-francisco.cloveronline.com,restaurants,,,nextcard,,paze-on-storefront=yes; single-source(nextcard)
El Rincon de Jorgito,"1850 Cesar Chavez St, San Francisco, CA",Potrero Hill,37.750026,-122.39602,https://el-rincon-de-jorgito-san-francisco.cloveronline.com,restaurants,,,nextcard,,paze-on-storefront=yes; single-source(nextcard); nextcard:ordering-disabled
Ember Grill,670 Larkin St,Tenderloin,37.78401,-122.41767,https://ember-grill-san-francisco.cloveronline.com,restaurants,4.8,,awardhelper+nextcard,,paze-on-storefront=yes
Ensenada Restaurant,"4448 Mission Street, San Francisco, CA",Mission Terrace,37.726576,-122.43376,https://ensenada-restaurant-san-francisco-2.cloveronline.com,restaurants,,,awardhelper+nextcard,,paze-on-storefront=yes
Eyebrow Queen Salon Inc San Francisco,"3196 24th Street, San Francisco, CALIFORNIA",Mission,37.752511,-122.416045,https://eyebrow-queen-salon-inc-san-francisco-san-francisco.cloveronline.com,Beauty & Wellness,,,awardhelper+nextcard,,paze-on-storefront=yes
Flats Burgers,4753 Mission St,Excelsior,37.722118,-122.436407,https://flatsburgers.cloveronline.com,restaurants,5,,awardhelper+nextcard,,paze-on-storefront=yes; awardhelper:possible-inactive; nextcard:ordering-disabled
Fondue Chinoise,"430 Broadway, San Francisco, CA",North Beach,37.798436,-122.404545,https://fondue-chinoise-san-francisco.cloveronline.com,restaurants,,,awardhelper,,clover-url-dead(unreachable); single-source(awardhelper); awardhelper:possible-inactive
Food Basket Market,"475 Fell Street, San Francisco, CA",Hayes Valley,37.775441,-122.425899,https://food-basket-market-san-francisco-2.cloveronline.com,restaurants,,,awardhelper+nextcard,,paze-on-storefront=yes; awardhelper:possible-inactive
Friends Liquor,"1758 Fillmore Street, San Francisco, CA",Japantown,37.78601,-122.433022,https://friends-liquor-san-francisco.cloveronline.com,Retail & Services,,,awardhelper+nextcard,,paze-on-storefront=yes
Fuji Sukiyaki Inc,"428 E 3rd Avenue, San Mateo, CA",San Mateo,37.5664,-122.320823,https://fuji-sukiyaki-san-mateo.cloveronline.com,restaurants,,,awardhelper+nextcard,,paze-on-storefront=yes; awardhelper:possible-inactive; nextcard:ordering-disabled
Georgian Cheese Boat,"1224 Grant Avenue, San Francisco, CALIFORNIA",North Beach,37.798367,-122.406929,https://georgian-cheese-boat-san-francisco.cloveronline.com,restaurants,,,awardhelper+nextcard,,paze-on-storefront=yes
Godzila Sushi,"1800 Divisadero St, San Francisco, CA",Lower Pacific Heights,37.786351,-122.439977,https://godzila-sushi-san-francisco.cloveronline.com,restaurants,,,nextcard,,paze-on-storefront=yes; single-source(nextcard)
Guadalajar Grill,"19 Laurie Meadows Dr, San Mateo, CA",San Mateo,37.531057,-122.287397,https://guadalajar-grill-san-mateo.cloveronline.com,restaurants,,,awardhelper+nextcard,,paze-on-storefront=yes
Guadalajar Grill 2,"390 El Camino Real, Belmont, CALIFORNIA",Belmont,37.52671,-122.284706,https://guadalajar-grill-2-belmont.cloveronline.com,restaurants,,,awardhelper+nextcard,,paze-on-storefront=yes
Ha Mini Mart,"803 Grant Avenue, San Francisco, CA",Chinatown,37.794416,-122.406524,https://ha-mini-mart-san-francisco.cloveronline.com,restaurants,,,awardhelper+nextcard,,paze-on-storefront=yes
Halal Burgers #3,"22 6th St, San Francisco, CA",South of Market,37.781811,-122.410002,https://halal-burgers-3-san-francisco.cloveronline.com,restaurants,,,nextcard,,paze-on-storefront=yes; single-source(nextcard)
HAPPY DONUT Van Ness,"2101 Van Ness Ave, San Francisco, CA",Pacific Heights,37.794923,-122.423549,https://happy-donut-san-francisco.cloveronline.com,restaurants,,,awardhelper+nextcard,,paze-on-storefront=yes
Hawthorn Sf,"46 Geary Street, San Francisco, CA",Downtown / Union Square,37.787992,-122.404294,https://hawthorn-lounge-san-francisco.cloveronline.com,restaurants,,,awardhelper+nextcard,,paze-on-storefront=yes; awardhelper:possible-inactive; nextcard:ordering-disabled
Hem By LeQuy,"1050 Valencia Street, San Francisco, CA",Dolores Heights,37.755944,-122.421318,https://hem-by-lequy-san-francisco.cloveronline.com,restaurants,,,awardhelper+nextcard,,paze-on-storefront=yes
Himalayan Hub,"508 Valencia Street, San Francisco, CALIFORNIA",Mission Dolores,37.764649,-122.422021,https://himalayan-hub-san-francisco.cloveronline.com,restaurants,,,awardhelper+nextcard,,paze-on-storefront=yes; nextcard:ordering-disabled
Himalayan Pizza & Momo,"288 Golden Gate Ave, San Francisco, CA",Tenderloin,37.781927,-122.415372,https://himalayan-pizza-and-momo-san-francisco.cloveronline.com,restaurants,,,awardhelper+nextcard,,paze-on-storefront=yes
HiroNori San Mateo,"211 East 3rd Avenue, San Mateo, CALIFORNIA",San Mateo,37.565263,-122.323008,https://hironori-san-mateo-san-mateo.cloveronline.com,restaurants,,,awardhelper+nextcard,,paze-on-storefront=yes; awardhelper:possible-inactive; nextcard:ordering-disabled
House Of Bagels,"5030 Geary Blvd, San Francisco, CA",Inner Richmond,37.780865,-122.473514,https://house-of-bagels-san-francisco.cloveronline.com,restaurants,,,awardhelper+nextcard,,paze-on-storefront=yes
Icicles Cream Roll Chandler,"98 East 3rd Avenue, San Mateo, CA",San Mateo,37.564134,-122.324147,https://liuyishou-hotpot-san-mateo-san-mateo.cloveronline.com,restaurants,,,awardhelper+nextcard,,paze-on-storefront=yes; awardhelper:possible-inactive; nextcard:ordering-disabled
IL Canto Cafe,475 Sacramento St,Financial District,37.794058,-122.400686,https://il-canto-cafe-san-francisco.cloveronline.com,restaurants,,,awardhelper+nextcard,,paze-on-storefront=yes
Izakaya Sozai,"1500 Irving Street, San Francisco, CA",Inner Sunset,37.763847,-122.474121,https://izakaya-sozai-san-francisco.cloveronline.com,restaurants,,,awardhelper+nextcard,,paze-on-storefront=yes; awardhelper:possible-inactive; nextcard:ordering-disabled
Izakaya Yoki,"900 Bush St #c101, San Francisco, CA",Lower Nob Hill,37.789895,-122.4123,https://izakaya-yoki-san-francisco.cloveronline.com,restaurants,,,nextcard,,paze-on-storefront=yes; single-source(nextcard); nextcard:ordering-disabled
Java on Ocean,"1700 Ocean Ave, San Francisco, CA",Westwood Park,37.724929,-122.460098,https://java-on-ocean-san-francisco.cloveronline.com,restaurants,,,awardhelper+nextcard,,paze-on-storefront=yes
Jims By MLVS,"2420 Mission St, San Francisco, CA",Mission,37.758267,-122.419358,https://jims-by-mlvs.cloveronline.com,restaurants,,,awardhelper+nextcard,,paze-on-storefront=yes; awardhelper:possible-inactive; nextcard:ordering-disabled
Joe's Ice Cream,5420 Geary Blvd,Inner Richmond,37.780645,-122.477758,https://joes-ice-cream-san-francisco-2.cloveronline.com,restaurants,,,awardhelper+nextcard,,paze-on-storefront=yes
Judahlicious,3906 Judah St,Outer Sunset,37.760647,-122.50398,https://judahlicious-san-francisco.cloveronline.com,restaurants,,,awardhelper+nextcard,,paze-on-storefront=yes
K. Minamoto San Francisco,"648 Market St, San Francisco, CA",Downtown / Union Square,37.78849,-122.402732,https://k-minamoto-san-francisco-san-francisco.cloveronline.com,restaurants,,,nextcard,,paze-on-storefront=yes; single-source(nextcard); nextcard:ordering-disabled
Kava Indian Cuisine,"2151 Lombard Street, San Francisco, CALIFORNIA",Union Street,37.799512,-122.436837,https://kava-indian-cuisine-san-francisco.cloveronline.com,restaurants,,,awardhelper+nextcard,,paze-on-storefront=yes
Keiths Chicken N Waffles,"270 San Pedro Rd, Daly City, CA",Daly City,37.686946,-122.469597,https://keiths-chicken-n-waffles-daly-city.cloveronline.com,restaurants,,,awardhelper+nextcard,,paze-on-storefront=yes; awardhelper:paze-confidence-medium; awardhelper:possible-inactive; nextcard:ordering-disabled
Kenny's Cafe,"640 Crespi Dr, Pacifica, CA",Pacifica,37.596965,-122.497801,https://kennys-cafe-pacifica.cloveronline.com,restaurants,,,awardhelper+nextcard,,paze-on-storefront=yes
KRISPY KRUNCHY CHICKEN,2126 Irving Street,Outer Sunset,37.763531,-122.480853,https://krispy-krunchy-chicken-san-francisco.cloveronline.com,restaurants,,,inferred,,paze-on-storefront=yes; single-source(inferred); address-from-osm-name-match; inferred-not-in-any-map
L&L Hwn BBQ - Eg,"7419 Laguna Blvd #120, Elk Grove, CA",Elk Grove,38.424392,-121.417232,https://ll-hawaiian-barbecue-millbrae.cloveronline.com,restaurants,,,awardhelper+nextcard,,paze-on-storefront=yes; awardhelper:possible-inactive; nextcard:ordering-disabled; outside-target-area(Elk Grove); storefront-city(ELK GROVE)
La Oaxaquena,2128 Mission St,Mission,37.762911,-122.419671,https://la-oaxaquena-san-francisco.cloveronline.com,restaurants,,,awardhelper+nextcard,,paze-on-storefront=yes
La Travesia,1022 Bush St,Lower Nob Hill,37.789721,-122.41423,https://la-travesia-san-francisco-2.cloveronline.com,restaurants,4.8,,nextcard,,paze-on-storefront=yes; single-source(nextcard)
Las Mestizas,"2280 Chestnut Street, San Francisco, CA",Marina,37.800402,-122.440889,https://las-mestizas-san-francisco-2.cloveronline.com,restaurants,,,awardhelper+nextcard,,paze-on-storefront=yes
Lelenitas Cakes,"3743 Mission St, San Francisco, CA",Holly Park,37.736568,-122.423875,https://lelenitas-cakes-san-francisco.cloveronline.com,restaurants,,,awardhelper+nextcard,,paze-on-storefront=yes; awardhelper:possible-inactive; nextcard:ordering-disabled
Little Delhi,"83 Eddy St, San Francisco, CA",Downtown / Union Square,37.784257,-122.409013,https://little-delhi-san-francisco-2.cloveronline.com,restaurants,,,awardhelper+nextcard,,paze-on-storefront=yes
Little Lucca - Ssf,"724 El Camino Real, South San Francisco, CA",South San Francisco,37.650884,-122.430642,https://little-lucca-ssf-south-san-francisco.cloveronline.com,restaurants,,,nextcard,,paze-on-storefront=yes; single-source(nextcard)
Lorenzo's Sandwich Shop,"911 Villa Ave, Belmont, CA",Belmont,37.512769,-122.293375,https://lorenzos-sandwich-shop-belmont.cloveronline.com,restaurants,,,awardhelper+nextcard,,paze-on-storefront=yes; nextcard:ordering-disabled
Los Hermanos Mex Rest,"2026 Chestnut Street, San Francisco, CALIFORNIA",Marina,37.800915,-122.437,https://loshermanosmexicansf.cloveronline.com,restaurants,,,nextcard,,paze-on-storefront=yes; single-source(nextcard); nextcard:ordering-disabled
Los Yaquis Folsom,"3214 Folsom Street, San Francisco, CA",Bernal Heights,37.746905,-122.413782,https://los-yaquis-folsom-san-francisco.cloveronline.com,restaurants,,,awardhelper+nextcard,,paze-on-storefront=yes; awardhelper:possible-inactive; nextcard:ordering-disabled
Luisa Restaurant Inc,"759 Columbus Ave, San Francisco, CA",Russian Hill,37.801643,-122.412371,https://luisa-restaurant-inc-san-francisco.cloveronline.com,restaurants,,,awardhelper+nextcard,,paze-on-storefront=yes
Luisa's on Guerrero Inc.,"1001 Guerrero St, San Francisco, CA",Dolores Heights,37.754964,-122.422968,https://luisas-on-guerrero-inc-san-francisco.cloveronline.com,restaurants,,,awardhelper+nextcard,,paze-on-storefront=yes
Madam Zola's Fortune - The Midway,"900 Marin St, San Francisco, CA",Central Waterfront,37.749277,-122.385694,https://midway-catering-san-francisco.cloveronline.com,restaurants,,,awardhelper+nextcard,,clover-url-dead(unreachable); awardhelper:possible-inactive; nextcard:ordering-disabled
Marina Pizza & Pasta,"2139 Lombard Street, San Francisco, CA",Union Street,37.799502,-122.436676,https://marina-pizza-pasta-san-francisco.cloveronline.com,restaurants,,,awardhelper+nextcard,,paze-on-storefront=yes
Martha & Bros Coffee.,"3868 24th Street, San Francisco, CA",Noe Valley,37.751786,-122.429007,https://martha-bros-coffee-san-francisco.cloveronline.com,restaurants,,,awardhelper+nextcard,,paze-on-storefront=yes
Mashaallah Halal Food,"315 5th St, San Francisco, CA",South of Market,37.780098,-122.402901,https://mashaallah-halal-food-san-francisco.cloveronline.com,restaurants,,,nextcard,,paze-on-storefront=yes; single-source(nextcard)
Mazzetti's Bakery,"101 Manor Drive, Pacifica, CALIFORNIA",Pacifica,37.649389,-122.490423,https://mazzettis.cloveronline.com,restaurants,,,awardhelper+nextcard,,paze-on-storefront=yes
Mellis Cafe,"414 Sutter St, Sf, CA",Downtown / Union Square,37.789503,-122.40741,https://melliscafe.cloveronline.com,restaurants,,,awardhelper+nextcard,,paze-on-storefront=yes
Mellis Cafe,154 Ellis St,Downtown / Union Square,37.785235,-122.408899,https://mellis-cafe-san-francisco.cloveronline.com,restaurants,,,awardhelper+nextcard,,paze-on-storefront=yes
Memphis Minnie's BBQ,"576haight Street, San Francisco, CA",Buena Vista,37.771718,-122.443893,https://memphis-minnies-bbq-san-francisco.cloveronline.com,restaurants,,,awardhelper+nextcard,,paze-on-storefront=yes
Metropolitan Coffee,"720 Market Street, San Francisco, CA",Downtown / Union Square,37.787542,-122.404071,https://metropolitan-coffee-san-francisco.cloveronline.com,restaurants,,,awardhelper+nextcard,,paze-on-storefront=yes
Mi Yucatan,2845 Mission St,Mission,37.751505,-122.418373,https://mi-yucatan-san-francisco.cloveronline.com,restaurants,4.5,,awardhelper+nextcard,,paze-on-storefront=yes
Michaelis Wine&Spirits,"2198 Union Street, San Francisco, CA",Union Street,37.797282,-122.435377,https://michaelis-wine-sprit-san-francisco.cloveronline.com,Retail & Services,,,awardhelper+nextcard,,paze-on-storefront=yes; awardhelper:possible-inactive; nextcard:ordering-disabled
Mission Street Oyster Bar,2282 Mission St,Mission,37.76058,-122.419439,https://the-mission-street-oyster-bar-san-francisco.cloveronline.com,restaurants,,,nextcard,,paze-on-storefront=yes; single-source(nextcard); nextcard:ordering-disabled
Modernist Club,"139 Steuart Street, San Francisco, CA",Financial District,37.792908,-122.392392,https://modernist-club-san-francisco.cloveronline.com,restaurants,,,awardhelper+nextcard,,paze-on-storefront=yes
Momo & Curry Nepal,"435 Broadway, Millbrae, CA",Millbrae,37.601765,-122.393321,https://momocurrynepal-millbrae.cloveronline.com,restaurants,,,awardhelper+nextcard,,paze-on-storefront=yes
Moonraker Mobile,"105 Rockaway Beach Ave, Pacifica, CA",Pacifica,37.609669,-122.496362,https://moonraker-pacifica.cloveronline.com,restaurants,,,awardhelper+nextcard,,paze-on-storefront=yes; awardhelper:possible-inactive; nextcard:ordering-disabled
Moonraker Mobile,"1379 4th St, San Francisco, CA",Mission Bay,37.770895,-122.3903,https://moonraker-mobile-parklabsf.cloveronline.com,restaurants,,,awardhelper+nextcard,,paze-on-storefront=yes; awardhelper:possible-inactive; nextcard:ordering-disabled
My Breakfast House,"1137 Laurel St, San Carlos, CA",San Carlos,37.499717,-122.252738,https://my-breakfast-house-san-carlos.cloveronline.com,restaurants,,,awardhelper+nextcard,,paze-on-storefront=yes; coords-outside-area(recovered-by-city+slug)
Naan Point,"851 Cherry Ave, San Bruno, CA",San Bruno,37.62679,-122.425555,https://naan-point-san-bruno.cloveronline.com,restaurants,,,nextcard,,paze-on-storefront=yes; single-source(nextcard)
Naan Point #2,"314 Westlake Center, Daly City, CALIFORNIA",Daly City,37.700553,-122.483475,https://naan-point-2-daly-city.cloveronline.com,restaurants,,,nextcard,,paze-on-storefront=yes; single-source(nextcard); nextcard:ordering-disabled
New Broadway Bistro,"349 Broadway, Millbrae, CA",Millbrae,37.601066,-122.392436,https://new-broadway-bistro-millbrae.cloveronline.com,restaurants,,,awardhelper+nextcard,,paze-on-storefront=yes; awardhelper:possible-inactive; nextcard:ordering-disabled
New Burma,"659 Townsend Street, San Francisco, CA",Showplace Square,37.770648,-122.402769,https://burma-grub-san-francisco.cloveronline.com,restaurants,,,awardhelper+nextcard,,paze-on-storefront=yes
New Eritrea Restaurant & Bar,907 Irving St,Inner Sunset,37.763815,-122.467695,https://new-eritrea-restaurant-san-francisco.cloveronline.com,restaurants,,,awardhelper+nextcard,,paze-on-storefront=yes
NG's Cooking,"2268 Westborough Bl #303, South San Francisc, CA",South San Francisco,37.645294,-122.451987,https://ngs-cooking-south-san-francisco.cloveronline.com,restaurants,,,awardhelper+nextcard,,paze-on-storefront=yes
Nunu’s Cafe,"1724 Mandela Pkwy, Oakland, CA",Oakland,37.813389,-122.290087,https://nunus-cafe-oakland.cloveronline.com,restaurants,,,awardhelper+nextcard,,paze-on-storefront=yes; outside-target-area(Oakland); slug-city-mismatch(oakland); storefront-city(OAKLAND)
Osakaya Restaurant,"1737 Post St #370, San Francisco, CA",Japantown,37.785329,-122.430369,https://osakaya-restaurant-san-francisco.cloveronline.com,restaurants,,,nextcard,,paze-on-storefront=yes; single-source(nextcard); nextcard:ordering-disabled
Paik's Noodle San Carlos,"39 El Camino Real, San Carlos, CA",San Carlos,37.512822,-122.266194,https://paiks-noodle-san-carlos.cloveronline.com,restaurants,,,awardhelper+nextcard,,paze-on-storefront=yes; coords-outside-area(recovered-by-city+slug)
Pakwan 16th St,"3180 16th Street, San Francisco, CA",Mission Dolores,37.764939,-122.423647,https://pakwan-restaurant-16th-san-francisco.cloveronline.com,restaurants,,,awardhelper+nextcard,,paze-on-storefront=yes; awardhelper:possible-inactive; nextcard:ordering-disabled
Pakwan O'Farrell,"501 O'farrell Street, San Francisco, CA",Tenderloin,37.785571,-122.413196,https://pakwan-ofarrell-san-francisco-2.cloveronline.com,restaurants,,,awardhelper+nextcard,,paze-on-storefront=yes; awardhelper:possible-inactive; nextcard:ordering-disabled
Panchitas Restaurant #2,"3091 16th St, San Francisco, CA",Mission,37.76478,-122.421618,https://panchitas-restaurant-2-san-francisco.cloveronline.com,restaurants,,,nextcard,,paze-on-storefront=yes; single-source(nextcard)
Panj-Aab Indian Cuisine,"330 Palmetto Ave Ste D, Pacifica, CA",Pacifica,37.651715,-122.490954,https://pacific-indian-cuisine-pacifica.cloveronline.com,restaurants,,,awardhelper+nextcard,,paze-on-storefront=yes
Pengu Juice Co.,"3605 Market Street #13, Riverside, CA",Eureka Valley,37.756077,-122.440794,https://pengu-juice-co-riverside.cloveronline.com,restaurants,,,nextcard,,paze-on-storefront=yes; single-source(nextcard); coords-in-sf-but-address-says(Riverside); slug-city-mismatch(riverside); storefront-city(RIVERSIDE)
Picaro,3120 16th St,Mission Dolores,37.765053,-122.422474,https://picaro-cafe-san-francisco.cloveronline.com,restaurants,,,awardhelper+nextcard,,paze-on-storefront=yes; awardhelper:paze-confidence-medium
Ping Yang Thai,"955 Larkin St, San Francisco, CA",Lower Nob Hill,37.786875,-122.418521,https://pingyangsf.cloveronline.com,restaurants,,,awardhelper+nextcard,,paze-on-storefront=yes; nextcard:ordering-disabled
Poke Bowl(Kearny),"33 Kearny St, San Francisco, CA",Downtown / Union Square,37.788347,-122.403721,https://poke-bowls-san-francisco.cloveronline.com,restaurants,,,awardhelper+nextcard,,clover-url-dead(unreachable); awardhelper:possible-inactive; nextcard:ordering-disabled
Prado Flowers,"2072 Union Street, San Francisco, CA",Union Street,37.797556,-122.433519,https://prado-flowers-san-francisco.cloveronline.com,Retail & Services,,,nextcard,,paze-on-storefront=yes; single-source(nextcard); nextcard:ordering-disabled
Puerto Alegre,546 Valencia St,Mission Dolores,37.764152,-122.421977,https://puerto-alegre-san-francisco.cloveronline.com,restaurants,,,awardhelper+nextcard,,paze-on-storefront=yes; awardhelper:possible-inactive; nextcard:ordering-disabled
Quickly,"175 Southgate Avenue, Daly City, CA",Daly City,37.69722,-122.483718,https://quickly-daly-city.cloveronline.com,restaurants,,,awardhelper+nextcard,,paze-on-storefront=yes
Quickly At Westborough,"2288 Westborough Bouleva, South San Francisco, CA",South San Francisco,37.644364,-122.453227,https://quickly.cloveronline.com,restaurants,,,awardhelper+nextcard,,paze-on-storefront=yes
Ramen Yamadaya Sf,"1728 Buchanan St 2nd Fl, San Francisco, CA",Japantown,37.786061,-122.429759,https://ramen-yamadaya-sf-san-francisco.cloveronline.com,restaurants,,,awardhelper+nextcard,,paze-on-storefront=yes; awardhelper:paze-confidence-medium
Rasoi Restaurant,"1425 Burlingame Avenue, Burlingame, CA",Burlingame,37.577187,-122.348591,https://rasoi-restaurant-burlingame.cloveronline.com,restaurants,,,awardhelper+nextcard,,paze-on-storefront=yes
Redwood Cafe,"2750 Adeline Dr, Burlingame, CA",Burlingame,37.582898,-122.383082,https://redwood-cafe-burlingame.cloveronline.com,restaurants,,,awardhelper+nextcard,,paze-on-storefront=yes; awardhelper:possible-inactive; nextcard:ordering-disabled
Redwood Cafe,"2750 Burlingame Dr, Burlingame, CA",Burlingame,37.574819,-122.351275,https://redwood-cafe-burlingame-2.cloveronline.com,restaurants,,,awardhelper+nextcard,,paze-on-storefront=yes
Restaurant el Pastorsito,"4780 Mission Street, San Francisco, CALIFORNIA",Cayuga,37.721757,-122.43728,https://restaurant-el-pastorsito-san-francisco.cloveronline.com,restaurants,,,nextcard,,paze-on-storefront=yes; single-source(nextcard); nextcard:ordering-disabled
RISTORANTE BUON GUSTO,"224 Grand Ave, South San Francisco, CA",South San Francisco,37.655245,-122.408921,https://ristorante-buon-gusto-south-san-francisco.cloveronline.com,restaurants,,,awardhelper,,clover-url-dead(unreachable); single-source(awardhelper); awardhelper:possible-inactive
Rockridge,"525 Cortland Avenue, San Francisco, CA",Bernal Heights,37.739236,-122.416044,https://united-dumplings-san-francisco.cloveronline.com,restaurants,,,awardhelper+nextcard,,paze-on-storefront=yes
Saffron Grill,"1279 Fulton St, San Francisco, CA",Alamo Square,37.776779,-122.437912,https://saffron-grill-san-francisco.cloveronline.com,restaurants,,,awardhelper+nextcard,,paze-on-storefront=yes
Salty's,"748 Van Ness Ave, San Francisco, CA",Tenderloin,37.782412,-122.420498,https://saltys-san-francisco.cloveronline.com,restaurants,,,awardhelper+nextcard,,paze-on-storefront=yes
Samikcha Momo,"146 East 3rd Avenue, San Mateo, CA",San Mateo,37.564439,-122.323539,https://samikcha-momo-san-mateo-2.cloveronline.com,restaurants,,,awardhelper+nextcard,,paze-on-storefront=yes
Scopo Divino,"2800 California Street, San Francisco, CA",Pacific Heights,37.788228,-122.440683,https://scopo-divino-san-francisco.cloveronline.com,restaurants,,,awardhelper+nextcard,,paze-on-storefront=yes; awardhelper:possible-inactive; nextcard:ordering-disabled
Sewa Indian and Nepalese,"815 Clement Street, San Francisco, CA",Inner Richmond,37.782579,-122.46802,https://sewa-indian-and-nepalese-san-francisco.cloveronline.com,restaurants,,,awardhelper+nextcard,,paze-on-storefront=yes
Sf Grill Restaurant,"799 Valencia Street, San Francisco, CA",Mission,37.759973,-122.421168,https://sf-grill-restaurant-san-francisco.cloveronline.com,restaurants,,,awardhelper+nextcard,,paze-on-storefront=yes
Sf Kebab,"550 16th Street, San Francisco, CA",Mission Bay,37.76755,-122.39038,https://sf-kebab-san-francisco.cloveronline.com,restaurants,,,awardhelper+nextcard,,paze-on-storefront=yes
SF OrganiCA,500 Larkin St,Tenderloin,37.782593,-122.41726,https://sf-organica-san-francisco.cloveronline.com,restaurants,,,awardhelper+nextcard,,paze-on-storefront=yes
Skywalker Ranch,"5858 Lucas Valley Road, Nicasio, CA",Nicasio,38.05636,-122.655762,https://skywalker-ranch-san-francisco.cloveronline.com,restaurants,,,awardhelper+nextcard,,paze-on-storefront=yes; outside-target-area(Nicasio); storefront-city(NICASIO)
Slider Buns,"1202 Sutter St, San Francisco, CA",Lower Nob Hill,37.787879,-122.420362,https://slider-buns-san-francisco.cloveronline.com,restaurants,,,awardhelper+nextcard,,paze-on-storefront=yes
Sofiya,1098 Sutter St,Lower Nob Hill,37.788102,-122.418371,https://restaurant-sofiya-sf.cloveronline.com,restaurants,,,awardhelper+nextcard,,paze-on-storefront=yes
Sofra Grill,"132 Hazelwood Dr, South San Francisc, CA",South San Francisco,37.642234,-122.426379,https://sofra-grill-south-san-francisc.cloveronline.com,restaurants,,,awardhelper+nextcard,,paze-on-storefront=yes; awardhelper:possible-inactive; nextcard:ordering-disabled
Soltrans Vallejo Transit Center Ticket Office,"311 Sacramento St, Vallejo, CA",Financial District,37.794106,-122.399342,https://soltrans-vallejo-transit-center-ticket-office-vallejo.cloveronline.com,restaurants,,,awardhelper+nextcard,,paze-on-storefront=yes; coords-in-sf-but-address-says(Vallejo); slug-city-mismatch(vallejo); storefront-city(VALLEJO)
Soul Blends Coffee,"3207 Louise St, Oakland, CA",Oakland,37.82404,-122.284815,https://blendandbloomcafeoak.cloveronline.com,restaurants,,,awardhelper+nextcard,,paze-on-storefront=yes; awardhelper:possible-inactive; nextcard:ordering-disabled; outside-target-area(Oakland); storefront-city(OAKLAND)
SOY GRILL TERIYAKI,"9738 Sf Washington St #w, Portland, OR",South of Market,37.774929,-122.419415,https://soy-grill-teriyaki-portland.cloveronline.com,restaurants,,,awardhelper,,paze-on-storefront=yes; single-source(awardhelper); coords-in-sf-but-address-says(Portland); slug-city-mismatch(portland); state-mismatch(OR); storefront-city(PORTLAND)
Spill the Tea & BBQ Sc,"765 Old County Road #b, San Carlos, CA",San Carlos,37.505706,-122.256837,https://spill-the-tea-bbq-sc-san-carlos.cloveronline.com,restaurants,,,awardhelper+nextcard,,paze-on-storefront=yes; coords-outside-area(recovered-by-city+slug)
Sugar Lounge Sf,"377 Hayes St, San Francisco, CA",Civic Center,37.776827,-122.422541,https://sugar-lounge-sf-san-francisco.cloveronline.com,restaurants,,,awardhelper+nextcard,,paze-on-storefront=yes; nextcard:ordering-disabled
Sukh Veg & Vegan Food,"2475 Siesta Lane, Oakland, CA",Oakland,37.753399,-122.161416,https://sukh-veg-vegan-food-san-francisco.cloveronline.com,restaurants,,,awardhelper+nextcard,,paze-on-storefront=yes; outside-target-area(Oakland); storefront-city(OAKLAND)
Sunset Pizza,"2245 Judah Street, San Francisco, CALIFORNIA",Outer Sunset,37.761119,-122.486317,https://sunset-pizza-san-francisco.cloveronline.com,restaurants,,,nextcard,,paze-on-storefront=yes; single-source(nextcard); nextcard:ordering-disabled
Sushi Time,"2275 Market St, San Francisco, CA",Castro,37.76456,-122.432015,https://sushi-time-san-francisco.cloveronline.com,restaurants,,,awardhelper+nextcard,,paze-on-storefront=yes; awardhelper:paze-confidence-medium; awardhelper:possible-inactive; nextcard:ordering-disabled
Sutter Health Popupstore,"2300 California St #101, San Francisco, CA",Pacific Heights,37.789465,-122.432469,https://sutter-health-powerofone.cloveronline.com,restaurants,,,awardhelper+nextcard,,paze-on-storefront=yes
T.L KITCHEN KRISPY KRUNCHY CHICKEN,"177 Eddy St, San Francisco, CA",Tenderloin,37.783967,-122.410458,https://tl-kitchen-krispy-krunchy-chicken-san-francisco.cloveronline.com,restaurants,,,awardhelper,,clover-url-dead(unreachable); single-source(awardhelper); awardhelper:possible-inactive
Tacos el Patron Sf,"1500 S Van Ness Avenue, San Francisco, CA",Mission,37.748949,-122.416157,https://tacos-el-patron-sf-san-francisco-3.cloveronline.com,restaurants,,,awardhelper+nextcard,,paze-on-storefront=yes
TACOS EL PATRON SF.,"1500 Van Ness Avenue #10, San Francisco, CA",Lower Nob Hill,37.789384,-122.420205,https://tacos-el-patron-sf-san-francisco-2.cloveronline.com,restaurants,,,awardhelper,,clover-url-dead(unreachable); single-source(awardhelper); awardhelper:possible-inactive
Tacos Las Espadas,"2151 Market Street, Redding, CA",Mission Dolores,37.766623,-122.429975,https://tacos-las-espadas.cloveronline.com,restaurants,,,nextcard,,paze-on-storefront=yes; single-source(nextcard); coords-in-sf-but-address-says(Redding); storefront-city(REDDING)
Taj Indian Cuisine,"5701 Geary Blvd, San Francisco, CA",Outer Richmond,37.780052,-122.48062,https://taj-indian-cuisine-san-francisco.cloveronline.com,restaurants,,,awardhelper+nextcard,,paze-on-storefront=yes
Tamari Authentic,"1152 San Carlos Ave, San Carlos, CA",San Carlos,37.507004,-122.261013,https://tamari-authentic-san-carlos.cloveronline.com,restaurants,,,awardhelper+nextcard,,paze-on-storefront=yes; coords-outside-area(recovered-by-city+slug)
Tang Bar SF,"3251 20th Ave Ste 218, San Francisco, CA",Stonestown,37.72773,-122.476975,https://tang-bar-san-francisco.cloveronline.com,restaurants,,,awardhelper+nextcard,,paze-on-storefront=yes; awardhelper:possible-inactive; nextcard:ordering-disabled
Tanglad,"469 Castro St San Francisco, CA 94114 United States",Castro,37.761411,-122.43489,https://tanglad-san-francisco.cloveronline.com,restaurants,4.9,,awardhelper+nextcard,,paze-on-storefront=yes
TAQUERIA DOS CHARROS,55 Cambon Drive,Parkmerced,37.717907,-122.474085,https://taqueria-dos-charros-daly-city.cloveronline.com,restaurants,,,inferred,,paze-on-storefront=yes; single-source(inferred); address-from-osm-name-match; inferred-not-in-any-map
Taqueria el Gran Amigo.,"72 B Serremonte Center, Daly City, CA",Daly City,37.671767,-122.472138,https://taqueria-el-gran-amigo-daly-city.cloveronline.com,restaurants,,,awardhelper+nextcard,,paze-on-storefront=yes; awardhelper:possible-inactive; nextcard:ordering-disabled
Taqueria las Pencas #1,"319 Baden Ave, South San Francisc, CA",South San Francisco,37.65417,-122.411398,https://taqueria-las-pencas-south-san-francisc.cloveronline.com,restaurants,,,awardhelper+nextcard,,paze-on-storefront=yes
Taqueria Leon,"551 San Mateo Avenue, San Bruno, CALIFORNIA",San Bruno,37.625286,-122.411575,https://taqueria-leon-san-bruno.cloveronline.com,restaurants,,,nextcard,,paze-on-storefront=yes; single-source(nextcard)
TAQUERIA MARGARITA,"493 Pine Street, San Francisco, CA",Financial District,37.791522,-122.40389,https://taqueria-margarita-san-francisco.cloveronline.com,restaurants,,,awardhelper,,clover-url-dead(unreachable); single-source(awardhelper)
Taqueria Mayas,"2700 Broadway, Sacramento, CA",Pacific Heights,37.793643,-122.441786,https://taqueria-mayas-sacramento.cloveronline.com,restaurants,,,nextcard,,paze-on-storefront=yes; single-source(nextcard); coords-in-sf-but-address-says(Sacramento); nextcard:ordering-disabled; slug-city-mismatch(sacramento); storefront-city(SACRAMENTO)
Taqueria Mi Durango,287 El Camino Real,San Bruno,37.619707,-122.410564,https://taqueria-mi-durango-san-bruno.cloveronline.com,restaurants,5,,awardhelper+nextcard,,paze-on-storefront=yes; awardhelper:paze-confidence-medium
Taqueria Mi Durango II,"671 El Camino Real, S San Fran, CA",South San Francisco,37.355081,-121.941049,https://taqueria-mi-durango-ii-s-san-francis.cloveronline.com,restaurants,,,nextcard,,paze-on-storefront=yes; single-source(nextcard); coords-outside-area(recovered-by-city)
TAQUERIA SAN JOSE,2839 Mission Street,Mission,37.751592,-122.418233,https://taqueria-san-jose-san-francisco.cloveronline.com,restaurants,,,inferred,,paze-on-storefront=yes; single-source(inferred); address-from-osm-name-match; inferred-not-in-any-map
Ted's Deli Inc,"1530 Howard St, San Francisco, CA",South of Market,37.772877,-122.416257,https://teds-deli-inc-san-francisco.cloveronline.com,restaurants,,,awardhelper+nextcard,,paze-on-storefront=yes
The Buoy,"22 Franklin Street, San Francisco, CA",Civic Center,37.774617,-122.420528,https://buoy-san-francisco.cloveronline.com,restaurants,,,awardhelper,,clover-url-dead(unreachable); single-source(awardhelper); awardhelper:possible-inactive
The City Taqueria,"1836 Divisadero Street, San Francisco, CALIFORNIA",Lower Pacific Heights,37.786739,-122.43989,https://the-city-taqueria-san-francisco-2.cloveronline.com,restaurants,,,nextcard,,paze-on-storefront=yes; single-source(nextcard); nextcard:ordering-disabled
The City Taqueria 2,"3401 Mission St, San Francisco, CA",Bernal Heights,37.742008,-122.421928,https://the-city-taqueria-2-san-francisco.cloveronline.com,restaurants,,,nextcard,,paze-on-storefront=yes; single-source(nextcard)
The Front Porch,65 29th Street,Bernal Heights,37.743806,-122.422017,https://the-front-porch-san-francisco.cloveronline.com,restaurants,4.4,,awardhelper+nextcard,,paze-on-storefront=yes; awardhelper:paze-confidence-medium
The Korner Store Bites & Vibes,"4516 Mission St, San Francisco, CA",Mission Dolores,37.761058,-122.422028,https://tks-bites-vibes-san-francisco.cloveronline.com,restaurants,,,nextcard,,paze-on-storefront=yes; single-source(nextcard); nextcard:ordering-disabled
The Original Kadoks,"6899 Mission St, Daly City, CA",Daly City,37.696983,-122.462767,https://kadoks-daly-city-daly-city.cloveronline.com,restaurants,,,awardhelper+nextcard,,paze-on-storefront=yes
The Ravioli House,"505 Sb St, San Mateo, CA",San Mateo,37.564139,-122.320429,https://the-ravioli-house-san-mateo.cloveronline.com,restaurants,,,nextcard,,paze-on-storefront=yes; single-source(nextcard); nextcard:ordering-disabled
The Sub Stop Deli,"6178 Mission Street, Daly City, CALIFORNIA",Daly City,37.706936,-122.458753,https://thesubstopdeli.cloveronline.com,restaurants,,,nextcard,,paze-on-storefront=yes; single-source(nextcard)
Tiffany's Cafe,"3801 3rd Street #535, San Francisco, CA",Bayview,37.74195,-122.387353,https://tiffanys-cafe-san-francisco.cloveronline.com,restaurants,,,awardhelper+nextcard,,paze-on-storefront=yes
Tikal Restaurante Y Pan,"5099 Mission Street, San Francisco, CA",Excelsior,37.717297,-122.440155,https://tikal-restaurante-y-pan-san-francisco.cloveronline.com,restaurants,,,awardhelper+nextcard,,paze-on-storefront=yes
Tiny Sushi - Oh Baby,"32 Park Plaza Drive, Daly City, CA",Daly City,37.701284,-122.481983,https://tiny-sushi-oh-baby-daly-city.cloveronline.com,restaurants,,,awardhelper+nextcard,,paze-on-storefront=yes
Toot Sweet FrozenYogurt.,"1148 San Carols Ave, San Carlos, CA",San Carlos,37.507054,-122.261042,https://tutti-frutti-san-carlos.cloveronline.com,restaurants,,,awardhelper+nextcard,,paze-on-storefront=yes; awardhelper:possible-inactive; coords-outside-area(recovered-by-city+slug); nextcard:ordering-disabled
Trisara Restaurant,211 Kearny St,Downtown / Union Square,37.79011,-122.403728,https://trisara-restaurant-sanfrancisco.cloveronline.com,restaurants,,,awardhelper+nextcard,,paze-on-storefront=yes
Two Cousins Deli,1331 Old County Rd,Belmont,37.51879,-122.27169,https://two-cousins-deli.cloveronline.com,restaurants,4.7,,awardhelper+nextcard,,paze-on-storefront=yes; coords-outside-area(recovered-by-city)
Unimart,"1201 Howard Street, San Francisco, CA",South of Market,37.775779,-122.411548,https://unimart-san-francisco.cloveronline.com,restaurants,,,awardhelper+nextcard,,paze-on-storefront=yes
Union Square Pizza & Kit,"284 O'farrell Street, San Francisco, CA",Downtown / Union Square,37.786388,-122.4095,https://union-square-pizza-kit-san-francisco.cloveronline.com,restaurants,,,awardhelper+nextcard,,paze-on-storefront=yes
Urbancurry,"1298 Market St, San Francisco, CA",Civic Center,37.777879,-122.416334,https://sangamstar-food-inc-san-francisco.cloveronline.com,restaurants,,,awardhelper+nextcard,,paze-on-storefront=yes
Van Ness Cafe & Gyros,"826 Van Ness Avenue, San Francisco, CA",Tenderloin,37.783322,-122.420602,https://van-ness-cafe-gyros-san-francisco.cloveronline.com,restaurants,,,awardhelper+nextcard,,paze-on-storefront=yes
Vcaicero Investment,"437a Grand Ave, S San Fran, CA",South San Francisco,37.655727,-122.414089,https://antigua-coffee-shop-llc-ssf-s-san-fran.cloveronline.com,restaurants,,,awardhelper,,clover-url-dead(unreachable); single-source(awardhelper)
Vega Pizzeria,"419 Cortland Avenue, San Francisco, CA",Bernal Heights,37.739323,-122.41746,https://vega-san-francisco.cloveronline.com,restaurants,,,awardhelper+nextcard,,paze-on-storefront=yes
Xiloa Cafe,"7370 Mission Street, Daly City, CA",Daly City,37.690354,-122.466063,https://cafe-xiloa-daly-city.cloveronline.com,restaurants,,,awardhelper+nextcard,,paze-on-storefront=yes; awardhelper:possible-inactive; nextcard:ordering-disabled
Ya-Ua Boba,"1090 Alameda De Las Pulg, Belmont, CA",Belmont,37.523095,-122.301794,https://yaua-boba-belmont.cloveronline.com,restaurants,,,awardhelper+nextcard,,paze-on-storefront=yes
Yarsa Nepalese Cuisine,1310 Grant Ave,North Beach,37.799025,-122.407219,https://yarsa-nepalese-cuisine-san-francisco.cloveronline.com,restaurants,,,awardhelper+nextcard,,paze-on-storefront=yes
Yifang Taiwan Fruit Tea (Inner Sunset),"645 Irving Street, San Francisco, CA",Inner Sunset,37.763977,-122.46499,https://yifanginnersunset.cloveronline.com,restaurants,,,awardhelper+nextcard,,paze-on-storefront=yes
YiFang Taiwan Fruit Tea (Japantown),"1737 Post St # 367, San Francisco, CA",Japantown,37.785126,-122.43029,https://yifangfruittea.cloveronline.com,restaurants,,,awardhelper+nextcard,,paze-on-storefront=yes; awardhelper:possible-inactive
Yonkers Cafe,3815 Noriega St,Outer Sunset,37.752833,-122.504694,https://yonkers-cafe-sf.cloveronline.com,restaurants,,,awardhelper+nextcard,,paze-on-storefront=yes
Yoshi Ramen & Sushi,"127h Serramonte Ctr, Daly City, CA",Daly City,37.671053,-122.470365,https://yoshi-ramen-sushi-daly-city.cloveronline.com,restaurants,,,awardhelper+nextcard,,paze-on-storefront=yes; awardhelper:possible-inactive; nextcard:ordering-disabled
