source,source_id,name,address,city,neighborhood,lat,lon,clover_url,slug,category,google_rating,review_count,ordering_status,flags
nextcard,8cb6cceb-e193-4abe-9b38-a61f9c880f10,16th Street Diner,"3147 16th Street,, San Francisco, CA",San Francisco,Mission Dolores,37.7647308,-122.4231086,https://16th-street-diner-san-francisco.cloveronline.com,16th-street-diner-san-francisco,restaurants,,,closed,
nextcard,03b325b4-ceef-46c2-ba16-4bebd7832deb,3 Hermanas,"12620 San Pablo Ave, Richmond, CA",Richmond,Richmond,37.9425753,-122.3281342,https://3hermanasrichmond.cloveronline.com,3hermanasrichmond,restaurants,,,disabled,nextcard:ordering-disabled
nextcard,d95c1848-86d3-4fbf-8161-a94cf124e646,5 Star Food & Liquor Inc,"812 Linden Ave, So San Francisco, CA",South San Francisco,South San Francisco,37.6605342,-122.4080348,https://5-star-food-liquor-inc-so-san-francisco.cloveronline.com,5-star-food-liquor-inc-so-san-francisco,Retail & Services,,,accepting,
nextcard,ebe980de-c56f-4b56-9b06-5439fe708599,5th Avenue Deli Market,"4 Embarcadero Sl7, San Francisco, CA",San Francisco,Financial District,37.7951201,-122.3961487,https://5th-avenue-deli-market-san-francisco.cloveronline.com,5th-avenue-deli-market-san-francisco,restaurants,,,accepting,
nextcard,a90c0402-320b-456c-b060-4c756d9c4fed,A G I,"4945 Junipero Serra Blvd, Colma, CA",Colma,Colma,37.6739529,-122.4651384,https://house-of-bagels-colma.cloveronline.com,house-of-bagels-colma,restaurants,,,disabled,nextcard:ordering-disabled
nextcard,3a1ba960-bab7-47ec-8f96-da933c7ad79b,Alborz,"1245 Van Ness Ave, San Francisco, CA",San Francisco,Cathedral Hill,37.7873909,-122.421977,https://alborz-san-francisco.cloveronline.com,alborz-san-francisco,restaurants,,,closed,
nextcard,339a95cd-1d6a-41f9-bb0f-7a8d86448f59,Amour Amour Cafe,"305 East 4th Avenue, San Mateo, CA",San Mateo,San Mateo,37.5650737,-122.3214029,https://amour-amour-cafe-san-mateo.cloveronline.com,amour-amour-cafe-san-mateo,restaurants,,,closed,
nextcard,2975152a-c9ea-44cf-80bf-82ba0a891bbe,Angel Cafe & Deli,700 Geary St,San Francisco,Lower Nob Hill,37.786609,-122.414982,https://angel-cafe-deli-san-francisco8.cloveronline.com,angel-cafe-deli-san-francisco8,restaurants,,,accepting,
nextcard,6445f505-9d7c-408d-91fd-6bbe7af8ae4a,AragonHSAthleticBoosters,"900 Alameda De Las Pulga, San Mateo, CA",San Mateo,San Mateo,37.5245965,-122.3390936,https://aragon-hs-athletic-boste-san-mateo.cloveronline.com,aragon-hs-athletic-boste-san-mateo,restaurants,,,disabled,nextcard:ordering-disabled
nextcard,4b56df3e-14d1-4092-ad5e-560942ff6a44,Atlas Pizza Parlor,"637 San Mateo Avenue, San Bruno, CA",San Bruno,San Bruno,37.6271117,-122.411641,https://atlas-pizza-parlor-inc-san-bruno.cloveronline.com,atlas-pizza-parlor-inc-san-bruno,restaurants,,,disabled,nextcard:ordering-disabled
nextcard,872b13ab-1faa-4f4d-80cf-da1b12f55c0e,Autumns Cafe & Catering,"2071 3rd Street, San Francisco, CA",San Francisco,Dogpatch,37.763509,-122.3885842,https://autumns-cafe-catering-san-francisco.cloveronline.com,autumns-cafe-catering-san-francisco,restaurants,,,accepting,
nextcard,7fa4a156-d205-4102-b7df-a0d6d411e88f,Aydea,"799 Bryant Street, San Francisco, CA",San Francisco,South of Market,37.7761185,-122.4021556,https://aydea-san-francisco.cloveronline.com,aydea-san-francisco,restaurants,,,closed,
nextcard,d8d138d4-11cd-47ad-a825-02b70be58131,Baba`S Chicken,"3605 Market Street, Riverside, CA",Riverside,Eureka Valley,37.7560777,-122.4407819,https://babas-hot-chicken-riverside.cloveronline.com,babas-hot-chicken-riverside,restaurants,,,disabled,nextcard:ordering-disabled;coords-in-sf-but-address-says(Riverside);slug-city-mismatch(riverside)
nextcard,deafbb18-3790-4aa7-a69d-8dea071d3715,Bac Lieu Restaurant,"3216 Mission St, San Francisco, CA",San Francisco,Bernal Heights,37.7452578,-122.4204128,https://bac-lieu-restaurant-san-francisco.cloveronline.com,bac-lieu-restaurant-san-francisco,restaurants,,,disabled,nextcard:ordering-disabled
nextcard,9e9ba00c-db43-47df-9711-9bd47022edae,Bandb Cafe,"1634 Irving Street, San Francisco, CA",San Francisco,Inner Sunset,37.7638165,-122.4756979,https://b-b-cafe-san-francisco.cloveronline.com,b-b-cafe-san-francisco,restaurants,,,disabled,nextcard:ordering-disabled
nextcard,b567d383-96a0-4160-83a3-9e2981c9c876,Barista Coffee & Brunch,"3313 Sacramento Street, San Francisco, CALIFORNIA",San Francisco,Presidio Heights,37.7879954,-122.4472755,https://barista-cafe-san-francisco.cloveronline.com,barista-cafe-san-francisco,restaurants,,,accepting,
nextcard,177ab3af-8714-4bff-80f5-887ea9035dd5,Bayside Cafe,"533 Airport Blvd #127, Burlingame, CA",Burlingame,Burlingame,37.5899072,-122.3406434,https://bayside-cafe-burlingame.cloveronline.com,bayside-cafe-burlingame,restaurants,,,closed,
nextcard,72316c75-6a40-403f-ad5d-19b03c05e5fe,Beluna Cafe,"1195 Oak Street, San Francisco, CA",San Francisco,Buena Vista,37.7728351,-122.4389135,https://beluna-cafe-san-francisco.cloveronline.com,beluna-cafe-san-francisco,restaurants,,,disabled,nextcard:ordering-disabled
nextcard,87bc710a-16d8-4077-88ed-3197cdd415a1,Big Apple Pizza N Grill,"127 Eddy Street, San Francisco, CA",San Francisco,Tenderloin,37.7841821,-122.4097722,https://order.cloveronline.com,,restaurants,,,disabled,nextcard:ordering-disabled
nextcard,21aaeb10-0629-4884-a021-a201bc6a8eca,Bill's Place,2315 Clement St,San Francisco,Outer Richmond,37.781946,-122.484172,https://bills-place-san-francisco-2.cloveronline.com,bills-place-san-francisco-2,restaurants,,,closed,
nextcard,cf36579d-6690-4040-b32b-acbd10fc5783,BIMI POKE @Metreon,"135 4th Street, San Francisco, CA",San Francisco,South of Market,37.7843318,-122.4033663,https://bimi-poke-san-francisco.cloveronline.com,bimi-poke-san-francisco,restaurants,,,closed,
nextcard,a59fd9d5-2643-4752-8e27-a5693d17a602,Black Point Coffee,"Sfo Intl Airport, Term A, San Francisco, CA",San Francisco,San Francisco,37.62263870239258,-122.39582061767578,https://black-point-coffee-san-francisco.cloveronline.com,black-point-coffee-san-francisco,restaurants,,,accepting,
nextcard,fb6a05f4-a45e-499f-b69b-9aff7996eb2e,Blowology Dry Bar,"166 Geary St #1000, San Francisco, CA",San Francisco,Downtown / Union Square,37.7878352,-122.4061772,https://blowology-dry-bar-llc-san-francisco.cloveronline.com,blowology-dry-bar-llc-san-francisco,restaurants,,,closed,
nextcard,04afb42e-e9d1-4cd2-88aa-1bb38cf90c85,Blue Fog Market,"2567 Gough St, San Francisco, CA",San Francisco,Pacific Heights,37.7970802,-122.4273258,https://blue-fog-market-san-francisco.cloveronline.com,blue-fog-market-san-francisco,restaurants,,,accepting,
nextcard,705c8865-3f15-409c-83e6-ccba64133bd2,Blumdmart,"1 Market Street, San Francisco, CA",San Francisco,Financial District,37.7940258,-122.3949728,https://blumdmart.cloveronline.com,blumdmart,restaurants,,,disabled,nextcard:ordering-disabled
nextcard,e996729f-da94-4186-8c94-2a2a64b87272,Bravo Pizza,"5145 Mission St, San Francisco, CA",San Francisco,Excelsior,37.716521,-122.440784,https://bravo-pizza-san-francisco-2.cloveronline.com,bravo-pizza-san-francisco-2,restaurants,,,accepting,
nextcard,2bbe3eaa-e0b3-4f1c-87d1-171f48f2f50b,Breakers,"145 Rockaway Beach Ave, Pacifica, CA",Pacifica,Pacifica,37.6097281,-122.4964839,https://breakers-pacifica.cloveronline.com,breakers-pacifica,restaurants,,,disabled,nextcard:ordering-disabled
nextcard,9c15bb4f-6c19-4ba9-b7f8-6ef0b96964b3,Broadway Grill,1400 Broadway,Burlingame,Burlingame,37.584778,-122.365839,https://broadway-grill-llc-burlingame.cloveronline.com,broadway-grill-llc-burlingame,restaurants,5,,disabled,nextcard:ordering-disabled
nextcard,01cecdbe-8d9b-4895-b5ad-d10265ed7a22,Caffe Stellato,"1112 Burlingame Ave, Burlingame, CA",Burlingame,Burlingame,37.5795558,-122.3459057,https://caffe-stellato-burlingame.cloveronline.com,caffe-stellato-burlingame,restaurants,,,closed,
nextcard,090349bc-e110-4816-9b38-79f26b4b3bfc,Cajun Bowl,"1230 El Camino Real, San Bruno, CA",San Bruno,San Bruno,37.6394014,-122.4209327,https://cajun-bowl-san-bruno-2.cloveronline.com,cajun-bowl-san-bruno-2,restaurants,,,closed,
nextcard,32350af8-8df6-4d59-ba98-a587d33bd001,Cajun Bowl San Mateo,"168 East 4th Avenue, San Mateo, CA",San Mateo,San Mateo,37.5637672,-122.3223772,https://cajun-bowl-sm-san-mateo.cloveronline.com,cajun-bowl-sm-san-mateo,restaurants,,,closed,
nextcard,0f73bad6-6583-4c01-a212-8338780e3adc,Catch Seafood,"2362 Market St, San Francisco, CA",San Francisco,Duboce Triangle,37.7634293,-122.4346409,https://catch-french-bistro-san-francisco.cloveronline.com,catch-french-bistro-san-francisco,restaurants,,,closed,
nextcard,1aa724bd-6772-417f-ac57-37debdb42c20,Chester Chicken,"695 Harbour Way, Richmond, CA",Richmond,Richmond,37.9422424,-122.3602566,https://chester-chicken-richmond.cloveronline.com,chester-chicken-richmond,restaurants,,,closed,
nextcard,37d7b648-ce7a-4073-ba79-2099a10ec876,Chibog,"2055 Gellert Boulevard, Daly City, CALIFORNIA",Daly City,Daly City,37.6502791,-122.4539012,https://chibogrestaurant.cloveronline.com,chibogrestaurant,restaurants,,,accepting,
nextcard,049e7397-b163-40e3-99bc-6b6bd695feda,Clancey's Market and Deli,3960 Irving St,San Francisco,Outer Sunset,37.76268,-122.50042,https://clanceys-market-deli-san-francisco.cloveronline.com,clanceys-market-deli-san-francisco,restaurants,,,closed,
nextcard,caba9a88-7ca5-4f06-998d-b7275ded1469,Cobani Gyro & Kebab,8 W 25th Ave,San Mateo,San Mateo,37.54447,-122.30613,https://cobani-gyro-kebab-san-mateo.cloveronline.com,cobani-gyro-kebab-san-mateo,restaurants,,,closed,
nextcard,f5b50ff2-f8de-4a2c-91bd-a7b0831b0d50,Coco’s Sushi,3319 Mission St,San Francisco,Bernal Heights,37.743782,-122.420868,https://cocos-sushi-san-francisco.cloveronline.com,cocos-sushi-san-francisco,restaurants,,,closed,
nextcard,2630f89f-2a44-472e-9050-287830fb3f3e,Copper Chimney,"489 3rd Street, San Francisco, CA",San Francisco,South of Market,37.7816908,-122.3959097,https://curry-kabab-san-francisco.cloveronline.com,curry-kabab-san-francisco,restaurants,,,closed,
nextcard,e17b9c48-baff-42fb-8879-01f60758d791,Corona Heights Market,"4400 17th St, San Francisco, CA",San Francisco,Buena Vista,37.7621427,-122.443458,https://corona-heights-market-san-francisco.cloveronline.com,corona-heights-market-san-francisco,restaurants,,,closed,
nextcard,c284d75c-0b59-4a4f-8d67-b9a6882eadcf,Creightons Fine Pastries LLC,"673 Portola Dr, San Francisco, CA",San Francisco,Miraloma Park,37.7446844,-122.4526269,https://creightons-fine-pastries-llc-san-francisco-2.cloveronline.com,creightons-fine-pastries-llc-san-francisco-2,restaurants,,,disabled,nextcard:ordering-disabled
nextcard,1ae18b9f-b1c7-4713-b0bd-dc32020062fd,Crostini And Java,899 Hyde St (Bush and Hyde),San Francisco,Lower Nob Hill,37.789111,-122.417099,https://crostiniandjavasf.cloveronline.com,crostiniandjavasf,restaurants,4.75,,accepting,
nextcard,c91c4b57-e1a1-4f4c-a6b9-2601669ffb74,Cumaica Coffee,"1398 Mission Street, San Francisco, CA",San Francisco,South of Market,37.7755377,-122.4159116,https://cumaicacoffee.cloveronline.com,cumaicacoffee,restaurants,,,disabled,nextcard:ordering-disabled
nextcard,6c49184c-8b81-490a-a10a-8278a057dc31,CURRY HYUGA - Burlingame,"1204 Broadway, Burlingame, CA",Burlingame,Burlingame,37.5861916,-122.36484,https://curry-hyuga-retail-burlingame.cloveronline.com,curry-hyuga-retail-burlingame,Retail & Services,,,disabled,nextcard:ordering-disabled
nextcard,8b059d50-68d9-4617-b9ca-03f438628681,De Afghanan Kabob House,"321 Kearny Street, San Francisco, CA",San Francisco,Chinatown,37.7910793,-122.404362,https://de-afghanan-kabob-house-san-francisco.cloveronline.com,de-afghanan-kabob-house-san-francisco,restaurants,,,closed,
nextcard,733f4166-f443-4a0a-b4c1-68f351819631,Dhgs,"260 El Camino Real, San Bruno, CA",San Bruno,San Bruno,37.6189514,-122.4093622,https://diamondheadgeneralstore.cloveronline.com,diamondheadgeneralstore,restaurants,,,disabled,nextcard:ordering-disabled
nextcard,4987c4ca-e76e-49ff-bacf-ca8fd652fe1e,District Tea,"2154 Mission Street, San Francisco, CALIFORNIA",San Francisco,Mission,37.76251999999999,-122.4197008,https://district-tea-san-francisco.cloveronline.com,district-tea-san-francisco,restaurants,,,closed,
nextcard,dc30dd97-ecaa-4877-9242-87f739a2d97d,Do-Re-Mi,"3491 19th Street, San Francisco, CALIFORNIA",San Francisco,Mission,37.7598761,-122.4211582,https://doremi-san-francisco.cloveronline.com,doremi-san-francisco,restaurants,,,accepting,
nextcard,41428e8c-dc78-4266-85e0-c66dfdefaadd,Do-Re-Mi (Chinatown),"956 Grant Ave, San Francisco, CA",San Francisco,Chinatown,37.7958128,-122.4064874,https://doremi-chinatown-san-francisco.cloveronline.com,doremi-chinatown-san-francisco,restaurants,,,closed,
nextcard,941edf92-1b85-4ca4-8fb4-fcca4a0f5ab2,Doppio Coffee & Brunch,"1551 Mission Street, San Francisco, CALIFORNIA",San Francisco,South of Market,37.7733151,-122.4180126,https://doppio-cafe-san-francisco.cloveronline.com,doppio-cafe-san-francisco,restaurants,,,accepting,
nextcard,8792b906-1a3c-4b8a-a10d-d688e08183cc,DragonEats,520 Gough St,San Francisco,Civic Center,37.778371,-122.42314,https://dragoneats-gough-san-francisco.cloveronline.com,dragoneats-gough-san-francisco,restaurants,,,closed,
nextcard,a3e778aa-bb1f-4196-ad84-d0d65c345641,DRAGONEATS Folsom,"555 Folsom St, San Francisco, CA",San Francisco,Rincon Hill,37.786381,-122.3953683,https://dragoneats-folsom-san-francisco.cloveronline.com,dragoneats-folsom-san-francisco,restaurants,,,disabled,nextcard:ordering-disabled
nextcard,79d3aa38-b57b-4d5e-9f42-0b4e41a1ee69,Dumpling Dough,"1195 Laurel St, San Carlos, CA",San Carlos,San Carlos,37.4990488,-122.2519844,https://dumpling-dough-san-carlos.cloveronline.com,dumpling-dough-san-carlos,restaurants,,,closed,coords-outside-area(recovered-by-city+slug)
nextcard,9d43f293-c7e3-4916-bad3-b9aa1e2be9ea,Dumpling House,"12221 San Pablo Ave #6, Richmond, CA",Richmond,Richmond,37.9345075,-122.3250564,https://dumplinghousemongolia.cloveronline.com,dumplinghousemongolia,restaurants,,,disabled,nextcard:ordering-disabled
nextcard,091dd4de-1154-4297-9e3a-6db92674b8ce,Easy Money,"2312 Irving Street, San Francisco, CA",San Francisco,Outer Sunset,37.7635033,-122.4828843,https://easymoney-sanfrancisco.cloveronline.com,easymoney-sanfrancisco,restaurants,,,accepting,
nextcard,32848398-ac08-44c9-9946-686a2fa5d5a9,El Gran Amigo 2,"1357 Linda Mar Shopping Center, Pacifica, CALIFORNIA",Pacifica,Pacifica,37.5935312,-122.5043578,https://el-gran-amigo-2-pacifica.cloveronline.com,el-gran-amigo-2-pacifica,restaurants,,,accepting,
nextcard,57236beb-b60a-45ec-9c6e-05af0fe7af92,El Metate Con Sabor A Mexico,"2406 Bryant St, San Francisco, CA",San Francisco,Mission,37.7557692,-122.4096277,https://el-metate-san-francisco.cloveronline.com,el-metate-san-francisco,restaurants,,,accepting,
nextcard,366f7cb8-d052-44b9-9888-b72b5fc7ef1b,El Rincon de Jorgito,"1850 Cesar Chavez St, San Francisco, CA",San Francisco,Potrero Hill,37.7500256,-122.3960203,https://el-rincon-de-jorgito-san-francisco.cloveronline.com,el-rincon-de-jorgito-san-francisco,restaurants,,,disabled,nextcard:ordering-disabled
nextcard,d8818412-7add-4e96-a25d-3f9283355780,Ember Grill,670 Larkin St,San Francisco,Tenderloin,37.78401,-122.41767,https://ember-grill-san-francisco.cloveronline.com,ember-grill-san-francisco,restaurants,4.8,,closed,
nextcard,a18507e4-3c92-4e94-883f-b86ecbed2e25,Ensenada Restaurant,"4448 Mission Street, San Francisco, CA",San Francisco,Mission Terrace,37.7265757,-122.4337604,https://ensenada-restaurant-san-francisco-2.cloveronline.com,ensenada-restaurant-san-francisco-2,restaurants,,,closed,
nextcard,eb2643c2-4251-4d12-9695-14c532013c65,Eyebrow Queen Salon Inc San Francisco,"3196 24th Street, San Francisco, CALIFORNIA",San Francisco,Mission,37.7525111,-122.4160447,https://eyebrow-queen-salon-inc-san-francisco-san-francisco.cloveronline.com,eyebrow-queen-salon-inc-san-francisco-san-francisco,Beauty & Wellness,,,closed,
nextcard,cd49d895-f685-4890-be71-1e8ee2b99f49,Flats Burgers,4753 Mission St,San Francisco,Excelsior,37.722118,-122.436407,https://flatsburgers.cloveronline.com,flatsburgers,restaurants,5,,disabled,nextcard:ordering-disabled
nextcard,8207a723-597f-4ba3-ab49-550e6ce02d96,Food Basket Market,"475 Fell Street, San Francisco, CA",San Francisco,Hayes Valley,37.7754412,-122.4258987,https://food-basket-market-san-francisco-2.cloveronline.com,food-basket-market-san-francisco-2,restaurants,,,closed,
nextcard,ab5b1669-ab1a-437e-840d-01543da1ac04,Friends Liquor,"1758 Fillmore Street, San Francisco, CA",San Francisco,Japantown,37.7860099,-122.4330224,https://friends-liquor-san-francisco.cloveronline.com,friends-liquor-san-francisco,Retail & Services,,,accepting,
nextcard,c8c5be69-c208-4834-8f13-7b86434f07d0,Fuji Sukiyaki Inc,"428 E 3rd Avenue, San Mateo, CA",San Mateo,San Mateo,37.5663997,-122.3208233,https://fuji-sukiyaki-san-mateo.cloveronline.com,fuji-sukiyaki-san-mateo,restaurants,,,disabled,nextcard:ordering-disabled
nextcard,336f468d-c5a8-4a12-8e1d-16e178c1254e,Georgian Cheese Boat,"1224 Grant Avenue, San Francisco, CALIFORNIA",San Francisco,North Beach,37.7983666,-122.4069285,https://georgian-cheese-boat-san-francisco.cloveronline.com,georgian-cheese-boat-san-francisco,restaurants,,,closed,
nextcard,141ed2c9-e251-473a-8f50-761374818773,Godzila Sushi,"1800 Divisadero St, San Francisco, CA",San Francisco,Lower Pacific Heights,37.7863514,-122.4399768,https://godzila-sushi-san-francisco.cloveronline.com,godzila-sushi-san-francisco,restaurants,,,closed,
nextcard,8a5e2e13-5ebd-4c01-9c3e-689e76895720,Guadalajar Grill,"19 Laurie Meadows Dr, San Mateo, CA",San Mateo,San Mateo,37.5310573,-122.287397,https://guadalajar-grill-san-mateo.cloveronline.com,guadalajar-grill-san-mateo,restaurants,,,accepting,
nextcard,d434fd5c-912a-4822-b50f-88e525c5bbec,Guadalajar Grill 2,"390 El Camino Real, Belmont, CALIFORNIA",Belmont,Belmont,37.5267103,-122.2847058,https://guadalajar-grill-2-belmont.cloveronline.com,guadalajar-grill-2-belmont,restaurants,,,accepting,
nextcard,e68d0f87-5002-49c0-8c58-9c45e0342bcc,Ha Mini Mart,"803 Grant Avenue, San Francisco, CA",San Francisco,Chinatown,37.7944161,-122.4065239,https://ha-mini-mart-san-francisco.cloveronline.com,ha-mini-mart-san-francisco,restaurants,,,closed,
nextcard,e74a2c64-f84f-44a8-98ee-38f5aa595bc8,Halal Burgers #3,"22 6th St, San Francisco, CA",San Francisco,South of Market,37.781811,-122.410002,https://halal-burgers-3-san-francisco.cloveronline.com,halal-burgers-3-san-francisco,restaurants,,,accepting,
nextcard,7b439616-1106-4c01-862c-ef69fc81617a,HAPPY DONUT Van Ness,"2101 Van Ness Ave, San Francisco, CA",San Francisco,Pacific Heights,37.7949229,-122.4235486,https://happy-donut-san-francisco.cloveronline.com,happy-donut-san-francisco,restaurants,,,accepting,
nextcard,13ad2288-ba99-463e-91bd-ead0b43c848a,Hawthorn Sf,"46 Geary Street, San Francisco, CA",San Francisco,Downtown / Union Square,37.7879924,-122.4042943,https://hawthorn-lounge-san-francisco.cloveronline.com,hawthorn-lounge-san-francisco,restaurants,,,disabled,nextcard:ordering-disabled
nextcard,c5a764fc-b6aa-4876-8a74-e45b1ad234ac,Hem By LeQuy,"1050 Valencia Street, San Francisco, CA",San Francisco,Dolores Heights,37.755944,-122.421318,https://hem-by-lequy-san-francisco.cloveronline.com,hem-by-lequy-san-francisco,restaurants,,,closed,
nextcard,ab7b68c2-b28a-45a4-a8c6-7b4aa5c68d81,Himalayan Hub,"508 Valencia Street, San Francisco, CALIFORNIA",San Francisco,Mission Dolores,37.7646486,-122.4220214,https://himalayan-hub-san-francisco.cloveronline.com,himalayan-hub-san-francisco,restaurants,,,disabled,nextcard:ordering-disabled
nextcard,911385b0-76b0-4cfd-ae98-349602bb20ab,Himalayan Pizza & Momo,"288 Golden Gate Ave, San Francisco, CA",San Francisco,Tenderloin,37.781927,-122.4153724,https://himalayan-pizza-and-momo-san-francisco.cloveronline.com,himalayan-pizza-and-momo-san-francisco,restaurants,,,closed,
nextcard,26551bc3-cae3-48e4-b85d-467cf5c3f5ab,HiroNori San Mateo,"211 East 3rd Avenue, San Mateo, CALIFORNIA",San Mateo,San Mateo,37.5652625,-122.3230081,https://hironori-san-mateo-san-mateo.cloveronline.com,hironori-san-mateo-san-mateo,restaurants,,,disabled,nextcard:ordering-disabled
nextcard,1bac7696-c0b6-43b8-b190-e7de66bb1352,House Of Bagels,"5030 Geary Blvd, San Francisco, CA",San Francisco,Inner Richmond,37.7808649,-122.4735139,https://house-of-bagels-san-francisco.cloveronline.com,house-of-bagels-san-francisco,restaurants,,,accepting,
nextcard,06e756b1-64c5-47b1-96bd-6bc5f5712e71,Icicles Cream Roll Chandler,"98 East 3rd Avenue, San Mateo, CA",San Mateo,San Mateo,37.5641338,-122.3241471,https://liuyishou-hotpot-san-mateo-san-mateo.cloveronline.com,liuyishou-hotpot-san-mateo-san-mateo,restaurants,,,disabled,nextcard:ordering-disabled
nextcard,f6e02a37-cab9-40bc-88b0-1b32c7128d6c,IL Canto Cafe,475 Sacramento St,San Francisco,Financial District,37.794058,-122.400686,https://il-canto-cafe-san-francisco.cloveronline.com,il-canto-cafe-san-francisco,restaurants,,,accepting,
nextcard,d158e0aa-3b57-405f-9288-7169834a49cf,Izakaya Sozai,"1500 Irving Street, San Francisco, CA",San Francisco,Inner Sunset,37.7638466,-122.4741211,https://izakaya-sozai-san-francisco.cloveronline.com,izakaya-sozai-san-francisco,restaurants,,,disabled,nextcard:ordering-disabled
nextcard,7ff2a5b4-b92f-44d7-a805-3ed7ce132ef6,Izakaya Yoki,"900 Bush St #c101, San Francisco, CA",San Francisco,Lower Nob Hill,37.7898947,-122.4122996,https://izakaya-yoki-san-francisco.cloveronline.com,izakaya-yoki-san-francisco,restaurants,,,disabled,nextcard:ordering-disabled
nextcard,d20de235-498e-4dee-a36c-552a49c73f31,Java on Ocean,"1700 Ocean Ave, San Francisco, CA",San Francisco,Westwood Park,37.72492889999999,-122.4600983,https://java-on-ocean-san-francisco.cloveronline.com,java-on-ocean-san-francisco,restaurants,,,accepting,
nextcard,d2542dfb-6911-4fb7-bf79-a86b01d4e727,Jims By MLVS,"2420 Mission St, San Francisco, CA",San Francisco,Mission,37.7582669,-122.4193578,https://jims-by-mlvs.cloveronline.com,jims-by-mlvs,restaurants,,,disabled,nextcard:ordering-disabled
nextcard,db99ee46-2d3c-4545-ac81-0867f76f4dae,Joe's Ice Cream,5420 Geary Blvd,San Francisco,Inner Richmond,37.780645,-122.477758,https://joes-ice-cream-san-francisco-2.cloveronline.com,joes-ice-cream-san-francisco-2,restaurants,,,closed,
nextcard,fe97cb21-8022-460e-936f-dc3eb6794f8a,Judahlicious,3906 Judah St,San Francisco,Outer Sunset,37.760647,-122.50398,https://judahlicious-san-francisco.cloveronline.com,judahlicious-san-francisco,restaurants,,,accepting,
nextcard,9fd7f468-af08-4248-8526-870ea1a0df1a,K. Minamoto San Francisco,"648 Market St, San Francisco, CA",San Francisco,Downtown / Union Square,37.7884902,-122.4027323,https://k-minamoto-san-francisco-san-francisco.cloveronline.com,k-minamoto-san-francisco-san-francisco,restaurants,,,disabled,nextcard:ordering-disabled
nextcard,f28d2318-a8b3-4b54-b057-035f26121966,Kava Indian Cuisine,"2151 Lombard Street, San Francisco, CALIFORNIA",San Francisco,Union Street,37.7995115,-122.4368372,https://kava-indian-cuisine-san-francisco.cloveronline.com,kava-indian-cuisine-san-francisco,restaurants,,,closed,
nextcard,0fe7a6b8-ff64-4c67-b431-107c176189bd,Keiths Chicken N Waffles,"270 San Pedro Rd, Daly City, CA",Daly City,Daly City,37.6869456,-122.4695971,https://keiths-chicken-n-waffles-daly-city.cloveronline.com,keiths-chicken-n-waffles-daly-city,restaurants,,,disabled,nextcard:ordering-disabled
nextcard,ee2d8eb1-8dfc-4462-8729-a4394cdff410,Kenny's Cafe,"640 Crespi Dr, Pacifica, CA",Pacifica,Pacifica,37.59696539999999,-122.4978007,https://kennys-cafe-pacifica.cloveronline.com,kennys-cafe-pacifica,restaurants,,,closed,
nextcard,7a817e7a-3017-4fde-906d-54c3f8544c99,L&L Hwn BBQ - Eg,"7419 Laguna Blvd #120, Elk Grove, CA",Elk Grove,Elk Grove,38.4243922,-121.4172319,https://ll-hawaiian-barbecue-millbrae.cloveronline.com,ll-hawaiian-barbecue-millbrae,restaurants,,,disabled,nextcard:ordering-disabled;outside-target-area(Elk Grove)
nextcard,bdba9eb3-1a0f-481d-b2ee-2f1f4ee09799,La Bahia de San Simon,"2308 Macdonald Ave, Richmond, CA",Richmond,Richmond,37.9353672,-122.3471963,https://la-bahia-de-san-simon-richmond.cloveronline.com,la-bahia-de-san-simon-richmond,restaurants,,,disabled,nextcard:ordering-disabled
nextcard,f08ae706-b835-4fe7-9465-190ae3b8e5c8,La Lupita Mexican,"2167 Meeker Ave, Richmond, CA",Richmond,Richmond,37.9204871,-122.3482664,https://la-lupita-eatery.cloveronline.com,la-lupita-eatery,restaurants,,,accepting,
nextcard,1ddfacb2-63de-4dd4-a56f-5d8cd7a2dabd,La Lupita Mexican Eatery,2167 Meeker Ave,Richmond,Richmond,37.920445,-122.348078,https://la-lupita-richmond.cloveronline.com,la-lupita-richmond,restaurants,,,accepting,
nextcard,00fe13ba-2247-4625-a113-22d03d15097b,La Oaxaquena,2128 Mission St,San Francisco,Mission,37.762911,-122.419671,https://la-oaxaquena-san-francisco.cloveronline.com,la-oaxaquena-san-francisco,restaurants,,,closed,
nextcard,b14119bf-12af-40b2-9c0f-af4a3d58bedb,La Travesia,1022 Bush St,San Francisco,Lower Nob Hill,37.7897206,-122.4142295,https://la-travesia-san-francisco-2.cloveronline.com,la-travesia-san-francisco-2,restaurants,4.8,,closed,
nextcard,64c39939-98d7-44bd-816e-a98f85ecc0f3,Las Mestizas,"2280 Chestnut Street, San Francisco, CA",San Francisco,Marina,37.8004016,-122.4408894,https://las-mestizas-san-francisco-2.cloveronline.com,las-mestizas-san-francisco-2,restaurants,,,accepting,
nextcard,cffe59a4-7c55-4c3c-8245-5243f011feff,Lelenitas Cakes,"3743 Mission St, San Francisco, CA",San Francisco,Holly Park,37.7365684,-122.4238749,https://lelenitas-cakes-san-francisco.cloveronline.com,lelenitas-cakes-san-francisco,restaurants,,,disabled,nextcard:ordering-disabled
nextcard,1bdd2703-631c-4238-b94e-5f01301f414e,Little Delhi,"83 Eddy St, San Francisco, CA",San Francisco,Downtown / Union Square,37.7842573,-122.4090129,https://little-delhi-san-francisco-2.cloveronline.com,little-delhi-san-francisco-2,restaurants,,,accepting,
nextcard,dfe8ca3a-0d28-42e9-abae-0367e02dffd2,Little Lucca - Ssf,"724 El Camino Real, South San Francisco, CA",South San Francisco,South San Francisco,37.6508842,-122.4306422,https://little-lucca-ssf-south-san-francisco.cloveronline.com,little-lucca-ssf-south-san-francisco,restaurants,,,closed,
nextcard,675b348f-cd97-4cf6-820c-e41003538b50,Lorenzo's Sandwich Shop,"911 Villa Ave, Belmont, CA",Belmont,Belmont,37.51276900000001,-122.293375,https://lorenzos-sandwich-shop-belmont.cloveronline.com,lorenzos-sandwich-shop-belmont,restaurants,,,disabled,nextcard:ordering-disabled
nextcard,603e124a-4ff2-4898-b047-efb184b4f1ad,Los Hermanos Mex Rest,"2026 Chestnut Street, San Francisco, CALIFORNIA",San Francisco,Marina,37.8009151,-122.4369999,https://loshermanosmexicansf.cloveronline.com,loshermanosmexicansf,restaurants,,,disabled,nextcard:ordering-disabled
nextcard,f6339d1b-2c0d-46b4-bf83-5b2d41d214c9,Los Yaquis Folsom,"3214 Folsom Street, San Francisco, CA",San Francisco,Bernal Heights,37.7469048,-122.4137818,https://los-yaquis-folsom-san-francisco.cloveronline.com,los-yaquis-folsom-san-francisco,restaurants,,,disabled,nextcard:ordering-disabled
nextcard,b975e4d6-c9ed-4299-b53f-a0ac8969f652,Luisa Restaurant Inc,"759 Columbus Ave, San Francisco, CA",San Francisco,Russian Hill,37.8016427,-122.4123711,https://luisa-restaurant-inc-san-francisco.cloveronline.com,luisa-restaurant-inc-san-francisco,restaurants,,,closed,
nextcard,3ded79ad-7500-40ce-be57-897297c2df59,Luisa's on Guerrero Inc.,"1001 Guerrero St, San Francisco, CA",San Francisco,Dolores Heights,37.7549636,-122.4229679,https://luisas-on-guerrero-inc-san-francisco.cloveronline.com,luisas-on-guerrero-inc-san-francisco,restaurants,,,closed,
nextcard,56ff7a8d-b3b6-4cdc-9549-7f66e360717b,Madam Zola's Fortune - The Midway,"900 Marin St, San Francisco, CA",San Francisco,Central Waterfront,37.7492774,-122.3856944,https://midway-catering-san-francisco.cloveronline.com,midway-catering-san-francisco,restaurants,,,disabled,nextcard:ordering-disabled
nextcard,17dd628f-7d5e-4143-a5d0-5e476077f465,Marina Pizza & Pasta,"2139 Lombard Street, San Francisco, CA",San Francisco,Union Street,37.7995018,-122.4366758,https://marina-pizza-pasta-san-francisco.cloveronline.com,marina-pizza-pasta-san-francisco,restaurants,,,closed,
nextcard,44cd88e9-620b-451d-9697-510c1ff74531,Martha & Bros Coffee.,"3868 24th Street, San Francisco, CA",San Francisco,Noe Valley,37.7517857,-122.4290069,https://martha-bros-coffee-san-francisco.cloveronline.com,martha-bros-coffee-san-francisco,restaurants,,,accepting,
nextcard,c1db4878-29a6-4781-91fd-2888adefdbe1,Mashaallah Halal Food,"315 5th St, San Francisco, CA",San Francisco,South of Market,37.7800982,-122.402901,https://mashaallah-halal-food-san-francisco.cloveronline.com,mashaallah-halal-food-san-francisco,restaurants,,,accepting,
nextcard,d0ca500b-1d40-42d6-8c3a-a9bd14528691,Mazzetti's Bakery,"101 Manor Drive, Pacifica, CALIFORNIA",Pacifica,Pacifica,37.649389,-122.4904232,https://mazzettis.cloveronline.com,mazzettis,restaurants,,,accepting,
nextcard,064c70ed-098e-413d-bb16-dc8f24d221a8,Mellis Cafe,"414 Sutter St, Sf, CA",San Francisco,Downtown / Union Square,37.78950270000001,-122.4074101,https://melliscafe.cloveronline.com,melliscafe,restaurants,,,accepting,
nextcard,bd26bd79-36f0-4744-83f9-67b62e10529b,Mellis Cafe,154 Ellis St,San Francisco,Downtown / Union Square,37.785235,-122.408899,https://mellis-cafe-san-francisco.cloveronline.com,mellis-cafe-san-francisco,restaurants,,,accepting,
nextcard,4a05909d-846a-43cb-a07c-a5d851901911,Memphis Minnie's BBQ,"576haight Street, San Francisco, CA",San Francisco,Buena Vista,37.7717185,-122.4438929,https://memphis-minnies-bbq-san-francisco.cloveronline.com,memphis-minnies-bbq-san-francisco,restaurants,,,closed,
nextcard,389b240b-2f13-456c-a779-35ff55acb931,Metropolitan Coffee,"720 Market Street, San Francisco, CA",San Francisco,Downtown / Union Square,37.78754199999999,-122.4040705,https://metropolitan-coffee-san-francisco.cloveronline.com,metropolitan-coffee-san-francisco,restaurants,,,accepting,
nextcard,8f8f626e-905e-42af-b29b-99b23a68c095,Mi Yucatan,2845 Mission St,San Francisco,Mission,37.751505,-122.418373,https://mi-yucatan-san-francisco.cloveronline.com,mi-yucatan-san-francisco,restaurants,4.5,,accepting,
nextcard,01823283-9659-4217-b23c-92a319654525,Michaelis Wine&Spirits,"2198 Union Street, San Francisco, CA",San Francisco,Union Street,37.7972818,-122.4353774,https://michaelis-wine-sprit-san-francisco.cloveronline.com,michaelis-wine-sprit-san-francisco,Retail & Services,,,disabled,nextcard:ordering-disabled
nextcard,84678f40-f36f-4ef9-86da-68f45622ff99,Mission Street Oyster Bar,2282 Mission St,San Francisco,Mission,37.76058,-122.419439,https://the-mission-street-oyster-bar-san-francisco.cloveronline.com,the-mission-street-oyster-bar-san-francisco,restaurants,,,disabled,nextcard:ordering-disabled
nextcard,ceb023b1-72cd-46e9-9493-7aaf76c63416,Modernist Club,"139 Steuart Street, San Francisco, CA",San Francisco,Financial District,37.7929077,-122.3923923,https://modernist-club-san-francisco.cloveronline.com,modernist-club-san-francisco,restaurants,,,closed,
nextcard,4baf198b-26f0-4d1d-a402-f61375ea524c,Momo & Curry Nepal,"435 Broadway, Millbrae, CA",Millbrae,Millbrae,37.6017652,-122.3933208,https://momocurrynepal-millbrae.cloveronline.com,momocurrynepal-millbrae,restaurants,,,closed,
nextcard,8fcfb23b-d627-4942-a2ce-3eedf9813a22,Moonraker Mobile,"105 Rockaway Beach Ave, Pacifica, CA",Pacifica,Pacifica,37.609669,-122.496362,https://moonraker-pacifica.cloveronline.com,moonraker-pacifica,restaurants,,,disabled,nextcard:ordering-disabled
nextcard,b9b046df-f37a-4ea2-87fb-bf3d8430df08,Moonraker Mobile,"1379 4th St, San Francisco, CA",San Francisco,Mission Bay,37.77089520000001,-122.3903003,https://moonraker-mobile-parklabsf.cloveronline.com,moonraker-mobile-parklabsf,restaurants,,,disabled,nextcard:ordering-disabled
nextcard,3b990cd1-ffc6-4a51-ad83-486e33aab7c8,My Breakfast House,"1137 Laurel St, San Carlos, CA",San Carlos,San Carlos,37.499717,-122.2527377,https://my-breakfast-house-san-carlos.cloveronline.com,my-breakfast-house-san-carlos,restaurants,,,accepting,coords-outside-area(recovered-by-city+slug)
nextcard,e70096ce-9064-47ef-ad78-29dca8c25064,Naan Point,"851 Cherry Ave, San Bruno, CA",San Bruno,San Bruno,37.62679019999999,-122.4255551,https://naan-point-san-bruno.cloveronline.com,naan-point-san-bruno,restaurants,,,accepting,
nextcard,9c7b212a-664f-4a8c-8c77-231da956dd49,Naan Point #2,"314 Westlake Center, Daly City, CALIFORNIA",Daly City,Daly City,37.7005527,-122.4834755,https://naan-point-2-daly-city.cloveronline.com,naan-point-2-daly-city,restaurants,,,disabled,nextcard:ordering-disabled
nextcard,6ce950ce-202b-4507-895c-1bd57dc2b55e,New Broadway Bistro,"349 Broadway, Millbrae, CA",Millbrae,Millbrae,37.6010663,-122.3924357,https://new-broadway-bistro-millbrae.cloveronline.com,new-broadway-bistro-millbrae,restaurants,,,disabled,nextcard:ordering-disabled
nextcard,965f1fa3-dea5-423c-aaff-f77a9fc12d44,New Burma,"659 Townsend Street, San Francisco, CA",San Francisco,Showplace Square,37.7706482,-122.4027689,https://burma-grub-san-francisco.cloveronline.com,burma-grub-san-francisco,restaurants,,,closed,
nextcard,beaefb3f-4f9e-4670-8ff3-53d876ad1249,New Eritrea Restaurant & Bar,907 Irving St,San Francisco,Inner Sunset,37.763815,-122.467695,https://new-eritrea-restaurant-san-francisco.cloveronline.com,new-eritrea-restaurant-san-francisco,restaurants,,,closed,
nextcard,152bd9ee-149f-432d-99ef-e8c8c10a73db,NG's Cooking,"2268 Westborough Bl #303, South San Francisc, CA",South San Francisco,South San Francisco,37.6452944,-122.4519874,https://ngs-cooking-south-san-francisco.cloveronline.com,ngs-cooking-south-san-francisco,restaurants,,,closed,
nextcard,ee4865de-98a3-4b5a-9a90-b0b8d2b796fc,Nunu’s Cafe,"1724 Mandela Pkwy, Oakland, CA",Oakland,Oakland,37.8133887,-122.2900872,https://nunus-cafe-oakland.cloveronline.com,nunus-cafe-oakland,restaurants,,,accepting,outside-target-area(Oakland);slug-city-mismatch(oakland)
nextcard,677a5ff3-ef4f-4107-a8c5-a2c4be6f8ea2,Osakaya Restaurant,"1737 Post St #370, San Francisco, CA",San Francisco,Japantown,37.785329,-122.430369,https://osakaya-restaurant-san-francisco.cloveronline.com,osakaya-restaurant-san-francisco,restaurants,,,disabled,nextcard:ordering-disabled
nextcard,1e3e6db6-150d-4f2d-9c32-4232eb2e0fa6,Paik's Noodle San Carlos,"39 El Camino Real, San Carlos, CA",San Carlos,San Carlos,37.5128221,-122.2661943,https://paiks-noodle-san-carlos.cloveronline.com,paiks-noodle-san-carlos,restaurants,,,closed,coords-outside-area(recovered-by-city+slug)
nextcard,2777b2de-1a62-43a9-9283-8d1bce2954ae,Pakwan 16th St,"3180 16th Street, San Francisco, CA",San Francisco,Mission Dolores,37.7649395,-122.4236467,https://pakwan-restaurant-16th-san-francisco.cloveronline.com,pakwan-restaurant-16th-san-francisco,restaurants,,,disabled,nextcard:ordering-disabled
nextcard,936c7cdf-7074-48e3-9e55-6cb709b45271,Pakwan O'Farrell,"501 O'farrell Street, San Francisco, CA",San Francisco,Tenderloin,37.785571,-122.4131955,https://pakwan-ofarrell-san-francisco-2.cloveronline.com,pakwan-ofarrell-san-francisco-2,restaurants,,,disabled,nextcard:ordering-disabled
nextcard,4168e692-459f-4466-b8b4-207a1c1d71aa,Panchitas Restaurant #2,"3091 16th St, San Francisco, CA",San Francisco,Mission,37.7647795,-122.4216185,https://panchitas-restaurant-2-san-francisco.cloveronline.com,panchitas-restaurant-2-san-francisco,restaurants,,,accepting,
nextcard,ef239ee7-c1b8-46d8-bd2f-8d3a681c79df,Panj-Aab Indian Cuisine,"330 Palmetto Ave Ste D, Pacifica, CA",Pacifica,Pacifica,37.651715,-122.4909535,https://pacific-indian-cuisine-pacifica.cloveronline.com,pacific-indian-cuisine-pacifica,restaurants,,,closed,
nextcard,49e31765-7d91-460b-8baa-64b4e291bd42,Pengu Juice Co.,"3605 Market Street #13, Riverside, CA",Riverside,Eureka Valley,37.7560773,-122.4407943,https://pengu-juice-co-riverside.cloveronline.com,pengu-juice-co-riverside,restaurants,,,accepting,coords-in-sf-but-address-says(Riverside);slug-city-mismatch(riverside)
nextcard,542518a5-c0a0-4ff2-9245-1c75be261974,Picaro,3120 16th St,San Francisco,Mission Dolores,37.765053,-122.422474,https://picaro-cafe-san-francisco.cloveronline.com,picaro-cafe-san-francisco,restaurants,,,closed,
nextcard,3feb4c61-7a9b-4a71-a5e9-b2a8e659b569,Ping Yang Thai,"955 Larkin St, San Francisco, CA",San Francisco,Lower Nob Hill,37.7868749,-122.4185214,https://pingyangsf.cloveronline.com,pingyangsf,restaurants,,,disabled,nextcard:ordering-disabled
nextcard,70d3fc91-bf20-4573-9190-58ccfb870f25,Point Richmond Market,"160 Washington Ave, Richmond, CA",Richmond,Richmond,37.9264974,-122.3858912,https://point-richmond-market-richmond.cloveronline.com,point-richmond-market-richmond,restaurants,,,disabled,nextcard:ordering-disabled
nextcard,79fada60-0df1-49f9-8d89-14fc3bb4c504,Poke Bowl(Kearny),"33 Kearny St, San Francisco, CA",San Francisco,Downtown / Union Square,37.7883469,-122.4037208,https://poke-bowls-san-francisco.cloveronline.com,poke-bowls-san-francisco,restaurants,,,disabled,nextcard:ordering-disabled
nextcard,8c8a1be3-8c30-4838-b500-03825e799de6,Prado Flowers,"2072 Union Street, San Francisco, CA",San Francisco,Union Street,37.7975559,-122.4335194,https://prado-flowers-san-francisco.cloveronline.com,prado-flowers-san-francisco,Retail & Services,,,disabled,nextcard:ordering-disabled
nextcard,e181cf28-eab4-4e58-ace1-cb5a71f28587,Puerto Alegre,546 Valencia St,San Francisco,Mission Dolores,37.764152,-122.421977,https://puerto-alegre-san-francisco.cloveronline.com,puerto-alegre-san-francisco,restaurants,,,disabled,nextcard:ordering-disabled
nextcard,673fd43f-40eb-43f3-9f67-c0bb34a92fee,Quickly,"175 Southgate Avenue, Daly City, CA",Daly City,Daly City,37.6972199,-122.4837183,https://quickly-daly-city.cloveronline.com,quickly-daly-city,restaurants,,,closed,
nextcard,be1b3a94-b9b3-4a7a-8246-0c5717a2ce10,Quickly At Westborough,"2288 Westborough Bouleva, South San Francisco, CA",South San Francisco,South San Francisco,37.64436389999999,-122.4532275,https://quickly.cloveronline.com,quickly,restaurants,,,closed,
nextcard,21267a70-4a7e-430c-8003-417ee0467de5,Ramen Yamadaya Sf,"1728 Buchanan St 2nd Fl, San Francisco, CA",San Francisco,Japantown,37.7860607,-122.429759,https://ramen-yamadaya-sf-san-francisco.cloveronline.com,ramen-yamadaya-sf-san-francisco,restaurants,,,accepting,
nextcard,4f9d3a34-3a21-41c9-b62c-2b54a7e28311,Rasoi Restaurant,"1425 Burlingame Avenue, Burlingame, CA",Burlingame,Burlingame,37.5771869,-122.3485909,https://rasoi-restaurant-burlingame.cloveronline.com,rasoi-restaurant-burlingame,restaurants,,,closed,
nextcard,21211976-5b42-471f-ade2-5f836319fd4d,Redwood Cafe,"2750 Adeline Dr, Burlingame, CA",Burlingame,Burlingame,37.5828977,-122.3830815,https://redwood-cafe-burlingame.cloveronline.com,redwood-cafe-burlingame,restaurants,,,disabled,nextcard:ordering-disabled
nextcard,4188412b-5528-4189-8652-8f8d65fe4e54,Redwood Cafe,"2750 Burlingame Dr, Burlingame, CA",Burlingame,Burlingame,37.5748194,-122.3512746,https://redwood-cafe-burlingame-2.cloveronline.com,redwood-cafe-burlingame-2,restaurants,,,accepting,
nextcard,6d90cb2e-8bf7-412c-add6-71f741a92c3c,Restaurant el Pastorsito,"4780 Mission Street, San Francisco, CALIFORNIA",San Francisco,Cayuga,37.721757,-122.4372796,https://restaurant-el-pastorsito-san-francisco.cloveronline.com,restaurant-el-pastorsito-san-francisco,restaurants,,,disabled,nextcard:ordering-disabled
nextcard,90db999b-8ae2-45c3-b46e-d7943db2d3fa,Rockridge,"525 Cortland Avenue, San Francisco, CA",San Francisco,Bernal Heights,37.7392364,-122.4160436,https://united-dumplings-san-francisco.cloveronline.com,united-dumplings-san-francisco,restaurants,,,closed,
nextcard,2bfc2d23-5258-46e0-85bc-6c7891c92aef,Saffron Grill,"1279 Fulton St, San Francisco, CA",San Francisco,Alamo Square,37.7767793,-122.4379124,https://saffron-grill-san-francisco.cloveronline.com,saffron-grill-san-francisco,restaurants,,,closed,
nextcard,6f5ece7e-54fb-424f-95aa-23802d61885e,Salty's,"748 Van Ness Ave, San Francisco, CA",San Francisco,Tenderloin,37.782412,-122.4204984,https://saltys-san-francisco.cloveronline.com,saltys-san-francisco,restaurants,,,accepting,
nextcard,e758ee90-57df-4afa-a19b-f33fe9a26fd4,Samikcha Momo,"146 East 3rd Avenue, San Mateo, CA",San Mateo,San Mateo,37.5644386,-122.3235394,https://samikcha-momo-san-mateo-2.cloveronline.com,samikcha-momo-san-mateo-2,restaurants,,,closed,
nextcard,02e1636e-f83e-4ae3-9708-9fa037764a3d,Scopo Divino,"2800 California Street, San Francisco, CA",San Francisco,Pacific Heights,37.7882277,-122.4406831,https://scopo-divino-san-francisco.cloveronline.com,scopo-divino-san-francisco,restaurants,,,disabled,nextcard:ordering-disabled
nextcard,17484561-bd4f-4720-8190-12bbeef83a8c,Sewa Indian and Nepalese,"815 Clement Street, San Francisco, CA",San Francisco,Inner Richmond,37.78257929999999,-122.4680199,https://sewa-indian-and-nepalese-san-francisco.cloveronline.com,sewa-indian-and-nepalese-san-francisco,restaurants,,,closed,
nextcard,2e7a8504-bcdb-4718-a3ea-5a816c2f1163,Sf Grill Restaurant,"799 Valencia Street, San Francisco, CA",San Francisco,Mission,37.7599728,-122.4211684,https://sf-grill-restaurant-san-francisco.cloveronline.com,sf-grill-restaurant-san-francisco,restaurants,,,closed,
nextcard,58552ce9-eba5-4420-834c-8658b39ab3a2,Sf Kebab,"550 16th Street, San Francisco, CA",San Francisco,Mission Bay,37.7675502,-122.3903803,https://sf-kebab-san-francisco.cloveronline.com,sf-kebab-san-francisco,restaurants,,,closed,
nextcard,7577cdba-96ad-41a6-9b66-5b5b6536576e,SF OrganiCA,500 Larkin St,San Francisco,Tenderloin,37.782593,-122.41726,https://sf-organica-san-francisco.cloveronline.com,sf-organica-san-francisco,restaurants,,,accepting,
nextcard,f1a23681-9268-4692-b74a-d634159dd1a2,Skywalker Ranch,"5858 Lucas Valley Road, Nicasio, CA",Nicasio,Nicasio,38.0563605,-122.655762,https://skywalker-ranch-san-francisco.cloveronline.com,skywalker-ranch-san-francisco,restaurants,,,closed,outside-target-area(Nicasio)
nextcard,61862143-5f46-4c78-bf5f-0ae188f59904,Slider Buns,"1202 Sutter St, San Francisco, CA",San Francisco,Lower Nob Hill,37.7878789,-122.4203616,https://slider-buns-san-francisco.cloveronline.com,slider-buns-san-francisco,restaurants,,,closed,
nextcard,afec92fe-7fbf-4b63-8c9f-f4d1ed0e868f,Sofiya,1098 Sutter St,San Francisco,Lower Nob Hill,37.788102,-122.418371,https://restaurant-sofiya-sf.cloveronline.com,restaurant-sofiya-sf,restaurants,,,closed,
nextcard,eb45712f-fa10-4059-870e-2ae2b7ac102f,Sofra Grill,"132 Hazelwood Dr, South San Francisc, CA",South San Francisco,South San Francisco,37.6422336,-122.426379,https://sofra-grill-south-san-francisc.cloveronline.com,sofra-grill-south-san-francisc,restaurants,,,disabled,nextcard:ordering-disabled
nextcard,6702f2fe-2f65-4a89-b8ad-917c60f7d64c,Soltrans Vallejo Transit Center Ticket Office,"311 Sacramento St, Vallejo, CA",Vallejo,Financial District,37.7941059,-122.399342,https://soltrans-vallejo-transit-center-ticket-office-vallejo.cloveronline.com,soltrans-vallejo-transit-center-ticket-office-vallejo,restaurants,,,accepting,coords-in-sf-but-address-says(Vallejo);slug-city-mismatch(vallejo)
nextcard,eaaf5fd1-a9a6-4f9f-8d32-6f0e21121241,Soul Blends Coffee,"3207 Louise St, Oakland, CA",Oakland,Oakland,37.8240399,-122.2848148,https://blendandbloomcafeoak.cloveronline.com,blendandbloomcafeoak,restaurants,,,disabled,nextcard:ordering-disabled;outside-target-area(Oakland)
nextcard,b900d4f7-bcc8-4bb4-a61e-f38ad514cd3d,Spill the Tea & BBQ Sc,"765 Old County Road #b, San Carlos, CA",San Carlos,San Carlos,37.50570580000001,-122.2568367,https://spill-the-tea-bbq-sc-san-carlos.cloveronline.com,spill-the-tea-bbq-sc-san-carlos,restaurants,,,accepting,coords-outside-area(recovered-by-city+slug)
nextcard,11533370-9fd3-4553-9c74-2cb7afeb9cb3,Sugar Lounge Sf,"377 Hayes St, San Francisco, CA",San Francisco,Civic Center,37.7768267,-122.4225407,https://sugar-lounge-sf-san-francisco.cloveronline.com,sugar-lounge-sf-san-francisco,restaurants,,,disabled,nextcard:ordering-disabled
nextcard,43d48eda-427c-47e6-be58-25a83a407b13,Sukh Veg & Vegan Food,"2475 Siesta Lane, Oakland, CA",Oakland,Oakland,37.7533986,-122.1614155,https://sukh-veg-vegan-food-san-francisco.cloveronline.com,sukh-veg-vegan-food-san-francisco,restaurants,,,closed,outside-target-area(Oakland)
nextcard,0b519b85-cbb1-4014-9181-0102682b262b,Sunset Pizza,"2245 Judah Street, San Francisco, CALIFORNIA",San Francisco,Outer Sunset,37.7611186,-122.4863165,https://sunset-pizza-san-francisco.cloveronline.com,sunset-pizza-san-francisco,restaurants,,,disabled,nextcard:ordering-disabled
nextcard,2eb3022c-c8b9-4357-94a0-d11ba8ac2312,Sushi Time,"2275 Market St, San Francisco, CA",San Francisco,Castro,37.76456,-122.4320153,https://sushi-time-san-francisco.cloveronline.com,sushi-time-san-francisco,restaurants,,,disabled,nextcard:ordering-disabled
nextcard,f0d7fc6e-5261-451a-9ad3-2927ac7e3728,Sutter Health Popupstore,"2300 California St #101, San Francisco, CA",San Francisco,Pacific Heights,37.7894649,-122.4324689,https://sutter-health-powerofone.cloveronline.com,sutter-health-powerofone,restaurants,,,closed,
nextcard,23583165-ddc4-4de9-8be0-cefdbc257023,Tacos el Patron Sf,"1500 S Van Ness Avenue, San Francisco, CA",San Francisco,Mission,37.7489488,-122.4161567,https://tacos-el-patron-sf-san-francisco-3.cloveronline.com,tacos-el-patron-sf-san-francisco-3,restaurants,,,closed,
nextcard,b79c6344-8fb7-47af-86e0-a4ed899aae9c,Tacos Las Espadas,"2151 Market Street, Redding, CA",Redding,Mission Dolores,37.7666233,-122.4299754,https://tacos-las-espadas.cloveronline.com,tacos-las-espadas,restaurants,,,accepting,coords-in-sf-but-address-says(Redding)
nextcard,cdcedf87-db84-46ef-8fd5-eef2d861fe22,Taj Indian Cuisine,"5701 Geary Blvd, San Francisco, CA",San Francisco,Outer Richmond,37.7800518,-122.4806201,https://taj-indian-cuisine-san-francisco.cloveronline.com,taj-indian-cuisine-san-francisco,restaurants,,,closed,
nextcard,d4e98972-e005-4c1a-a150-6aa3deeded93,Tamari Authentic,"1152 San Carlos Ave, San Carlos, CA",San Carlos,San Carlos,37.5070041,-122.2610131,https://tamari-authentic-san-carlos.cloveronline.com,tamari-authentic-san-carlos,restaurants,,,closed,coords-outside-area(recovered-by-city+slug)
nextcard,855f3f08-e917-4679-885a-81a36266e8de,Tang Bar SF,"3251 20th Ave Ste 218, San Francisco, CA",San Francisco,Stonestown,37.7277303,-122.4769749,https://tang-bar-san-francisco.cloveronline.com,tang-bar-san-francisco,restaurants,,,disabled,nextcard:ordering-disabled
nextcard,8451fd1a-0d9b-4ad5-915b-5d52ca5a8c4c,Tanglad,"469 Castro St San Francisco, CA 94114 United States",San Francisco,Castro,37.761411,-122.43489,https://tanglad-san-francisco.cloveronline.com,tanglad-san-francisco,restaurants,4.9,,closed,
nextcard,73c25e79-dbdb-43ac-ae8c-4b16cb2546ba,Taqueria el Gran Amigo,"72 B Serramonte Center, Daly City, CALIFORNIA",Daly City,Daly City,37.6717834,-122.4721659,https://taqueria-el-gran-amigo-daly-city-2.cloveronline.com,taqueria-el-gran-amigo-daly-city-2,restaurants,,,closed,
nextcard,8f803757-9055-4853-bb21-6dd65d84f516,Taqueria el Gran Amigo.,"72 B Serremonte Center, Daly City, CA",Daly City,Daly City,37.671767,-122.472138,https://taqueria-el-gran-amigo-daly-city.cloveronline.com,taqueria-el-gran-amigo-daly-city,restaurants,,,disabled,nextcard:ordering-disabled
nextcard,0c3d4da8-2477-4e9c-a873-0689d19c2aad,Taqueria las Pencas #1,"319 Baden Ave, South San Francisc, CA",South San Francisco,South San Francisco,37.6541695,-122.4113977,https://taqueria-las-pencas-south-san-francisc.cloveronline.com,taqueria-las-pencas-south-san-francisc,restaurants,,,accepting,
nextcard,f8b618b9-8f56-40c7-b3b2-4b95edb1f0d5,Taqueria Leon,"551 San Mateo Avenue, San Bruno, CALIFORNIA",San Bruno,San Bruno,37.6252856,-122.4115747,https://taqueria-leon-san-bruno.cloveronline.com,taqueria-leon-san-bruno,restaurants,,,accepting,
nextcard,f153bb99-0716-46b2-bd87-3459b02f660d,Taqueria Mayas,"2700 Broadway, Sacramento, CA",Sacramento,Pacific Heights,37.7936431,-122.4417861,https://taqueria-mayas-sacramento.cloveronline.com,taqueria-mayas-sacramento,restaurants,,,disabled,nextcard:ordering-disabled;coords-in-sf-but-address-says(Sacramento);slug-city-mismatch(sacramento)
nextcard,46f7d5f9-21eb-45b5-a387-bdef2f90d416,Taqueria Mi Durango,287 El Camino Real,San Bruno,San Bruno,37.619707,-122.410564,https://taqueria-mi-durango-san-bruno.cloveronline.com,taqueria-mi-durango-san-bruno,restaurants,5,,accepting,
nextcard,666bae66-9b50-4fb4-9b73-b73bad8ea58a,Taqueria Mi Durango II,"671 El Camino Real, S San Fran, CA",South San Francisco,South San Francisco,37.3550809,-121.9410486,https://taqueria-mi-durango-ii-s-san-francis.cloveronline.com,taqueria-mi-durango-ii-s-san-francis,restaurants,,,accepting,coords-outside-area(recovered-by-city)
nextcard,c1ed362b-19c7-4067-87c5-835d53d4e03a,Ted's Deli Inc,"1530 Howard St, San Francisco, CA",San Francisco,South of Market,37.7728774,-122.4162568,https://teds-deli-inc-san-francisco.cloveronline.com,teds-deli-inc-san-francisco,restaurants,,,accepting,
nextcard,6994f8ab-bf4a-4357-b8e3-6251e15c5a5b,The City Taqueria,"1836 Divisadero Street, San Francisco, CALIFORNIA",San Francisco,Lower Pacific Heights,37.7867393,-122.4398896,https://the-city-taqueria-san-francisco-2.cloveronline.com,the-city-taqueria-san-francisco-2,restaurants,,,disabled,nextcard:ordering-disabled
nextcard,2b4fc29b-f528-4504-816d-51748f26e421,The City Taqueria 2,"3401 Mission St, San Francisco, CA",San Francisco,Bernal Heights,37.74200829999999,-122.4219282,https://the-city-taqueria-2-san-francisco.cloveronline.com,the-city-taqueria-2-san-francisco,restaurants,,,accepting,
nextcard,a113ff8e-c59a-4253-a0df-9e06f0b4b3ab,The Front Porch,65 29th Street,San Francisco,Bernal Heights,37.7438058,-122.4220167,https://the-front-porch-san-francisco.cloveronline.com,the-front-porch-san-francisco,restaurants,4.4,,closed,
nextcard,fd1c8cb4-0bae-40dc-973e-ee2094b5ffe1,The Korner Store Bites & Vibes,"4516 Mission St, San Francisco, CA",San Francisco,Mission Dolores,37.76105829999999,-122.4220277,https://tks-bites-vibes-san-francisco.cloveronline.com,tks-bites-vibes-san-francisco,restaurants,,,disabled,nextcard:ordering-disabled
nextcard,0e9ac1b6-e505-4232-82b8-42f995edb027,The Original Kadoks,"6899 Mission St, Daly City, CA",Daly City,Daly City,37.69698280000001,-122.4627672,https://kadoks-daly-city-daly-city.cloveronline.com,kadoks-daly-city-daly-city,restaurants,,,accepting,
nextcard,ac5705a7-be66-4e17-8627-2ac663c51bd9,The Ravioli House,"505 Sb St, San Mateo, CA",San Mateo,San Mateo,37.56413879999999,-122.3204286,https://the-ravioli-house-san-mateo.cloveronline.com,the-ravioli-house-san-mateo,restaurants,,,disabled,nextcard:ordering-disabled
nextcard,c3efd7aa-9438-40d5-b3d2-10d0975e3cc5,The Sub Stop Deli,"6178 Mission Street, Daly City, CALIFORNIA",Daly City,Daly City,37.7069356,-122.4587525,https://thesubstopdeli.cloveronline.com,thesubstopdeli,restaurants,,,accepting,
nextcard,44fb9557-e488-45f0-a5da-2fbbdcf54b94,Tiffany's Cafe,"3801 3rd Street #535, San Francisco, CA",San Francisco,Bayview,37.7419497,-122.3873533,https://tiffanys-cafe-san-francisco.cloveronline.com,tiffanys-cafe-san-francisco,restaurants,,,accepting,
nextcard,31d64783-c8ae-4277-9fef-dd35990cd8ea,Tikal Restaurante Y Pan,"5099 Mission Street, San Francisco, CA",San Francisco,Excelsior,37.7172968,-122.440155,https://tikal-restaurante-y-pan-san-francisco.cloveronline.com,tikal-restaurante-y-pan-san-francisco,restaurants,,,accepting,
nextcard,cf4bdd79-22e6-4677-bcdd-93705a33a561,Tiny Sushi - Oh Baby,"32 Park Plaza Drive, Daly City, CA",Daly City,Daly City,37.7012836,-122.4819828,https://tiny-sushi-oh-baby-daly-city.cloveronline.com,tiny-sushi-oh-baby-daly-city,restaurants,,,closed,
nextcard,323fd0c1-54e5-45fe-a23b-a1f56e6d828e,Toot Sweet FrozenYogurt.,"1148 San Carols Ave, San Carlos, CA",San Carlos,San Carlos,37.507054,-122.261042,https://tutti-frutti-san-carlos.cloveronline.com,tutti-frutti-san-carlos,restaurants,,,disabled,nextcard:ordering-disabled;coords-outside-area(recovered-by-city+slug)
nextcard,52c5d404-5369-4ec0-a3f8-e9b0fb2f9a84,Trisara Restaurant,211 Kearny St,San Francisco,Downtown / Union Square,37.79011,-122.403728,https://trisara-restaurant-sanfrancisco.cloveronline.com,trisara-restaurant-sanfrancisco,restaurants,,,closed,
nextcard,bc3f9f03-30f8-4c57-bc23-183eed92bb36,Two Cousins Deli,1331 Old County Rd,Belmont,Belmont,37.51879,-122.27169,https://two-cousins-deli.cloveronline.com,two-cousins-deli,restaurants,4.7,,accepting,coords-outside-area(recovered-by-city)
nextcard,5ea741e9-e322-4e24-a9d4-b2b5c67b2fc9,Unimart,"1201 Howard Street, San Francisco, CA",San Francisco,South of Market,37.7757789,-122.4115476,https://unimart-san-francisco.cloveronline.com,unimart-san-francisco,restaurants,,,closed,
nextcard,d35f0a35-ec8c-4213-abc9-de3cae4432f0,Union Square Pizza & Kit,"284 O'farrell Street, San Francisco, CA",San Francisco,Downtown / Union Square,37.7863884,-122.4094996,https://union-square-pizza-kit-san-francisco.cloveronline.com,union-square-pizza-kit-san-francisco,restaurants,,,closed,
nextcard,37205878-061f-4447-9e5e-e11635be14e6,Urbancurry,"1298 Market St, San Francisco, CA",San Francisco,Civic Center,37.7778793,-122.4163336,https://sangamstar-food-inc-san-francisco.cloveronline.com,sangamstar-food-inc-san-francisco,restaurants,,,closed,
nextcard,d00c9ad5-c9d4-415e-8a7b-bf984a996ea8,Van Ness Cafe & Gyros,"826 Van Ness Avenue, San Francisco, CA",San Francisco,Tenderloin,37.7833224,-122.420602,https://van-ness-cafe-gyros-san-francisco.cloveronline.com,van-ness-cafe-gyros-san-francisco,restaurants,,,closed,
nextcard,3d5342e0-8bce-4f75-8593-78bbee0722cc,Vega Pizzeria,"419 Cortland Avenue, San Francisco, CA",San Francisco,Bernal Heights,37.7393226,-122.4174595,https://vega-san-francisco.cloveronline.com,vega-san-francisco,restaurants,,,closed,
nextcard,93e67302-c6e9-4dcd-961a-82c4359dabed,Xiloa Cafe,"7370 Mission Street, Daly City, CA",Daly City,Daly City,37.6903543,-122.466063,https://cafe-xiloa-daly-city.cloveronline.com,cafe-xiloa-daly-city,restaurants,,,disabled,nextcard:ordering-disabled
nextcard,635cbc39-eaef-4e8b-898d-5e2d4b0169ba,Ya-Ua Boba,"1090 Alameda De Las Pulg, Belmont, CA",Belmont,Belmont,37.523095,-122.3017941,https://yaua-boba-belmont.cloveronline.com,yaua-boba-belmont,restaurants,,,accepting,
nextcard,41700b00-5e6e-42b8-aa07-a941d5f5f7c8,Yarsa Nepalese Cuisine,1310 Grant Ave,San Francisco,North Beach,37.799025,-122.407219,https://yarsa-nepalese-cuisine-san-francisco.cloveronline.com,yarsa-nepalese-cuisine-san-francisco,restaurants,,,closed,
nextcard,7a7f2e93-8f84-4b85-9782-d38284267658,Yemen Cafe & Restaurant,"13112 San Pablo Ave, Richmond, CA",Richmond,Richmond,37.9502883,-122.3305476,https://yemen-cafe-restaurant.cloveronline.com,yemen-cafe-restaurant,restaurants,,,accepting,
nextcard,b3ce7b01-eb7e-4ae6-94ff-78481363a657,Yifang Taiwan Fruit Tea (Inner Sunset),"645 Irving Street, San Francisco, CA",San Francisco,Inner Sunset,37.7639767,-122.4649899,https://yifanginnersunset.cloveronline.com,yifanginnersunset,restaurants,,,closed,
nextcard,e6b71ceb-9b45-4f35-b089-1fab280df49a,YiFang Taiwan Fruit Tea (Japantown),"1737 Post St # 367, San Francisco, CA",San Francisco,Japantown,37.7851259,-122.4302905,https://yifangfruittea.cloveronline.com,yifangfruittea,restaurants,,,closed,
nextcard,d95e4781-f57e-46a7-97f1-abeedf08d255,Yonkers Cafe,3815 Noriega St,San Francisco,Outer Sunset,37.752833,-122.504694,https://yonkers-cafe-sf.cloveronline.com,yonkers-cafe-sf,restaurants,,,accepting,
nextcard,349fe25c-0434-487b-a1ae-5522584a7bb2,Yoshi Ramen & Sushi,"127h Serramonte Ctr, Daly City, CA",Daly City,Daly City,37.6710529,-122.4703651,https://yoshi-ramen-sushi-daly-city.cloveronline.com,yoshi-ramen-sushi-daly-city,restaurants,,,disabled,nextcard:ordering-disabled
